Timestamp,Input Throttle,horizon,dT,dt,Input Roll,Roll P,Roll I,Roll D,Input Pitch,Pitch P,Pitch I,Pitch D,Input Yaw,Yaw P,Yaw I,Yaw D,Altitude,Direction X,Direction Y,Direction Z,Drag X,Drag Y,Drag Z,Vertical Velocity,Roll,Mass,Has Fuel
1599384623.661687,0.0,10,0.5,0.5,-0.05524311828613281,-0.001,-0.001,-0.2505,0.0007754878013012723,10,1,100,0.5037994374900603,-10,-1,-100,19348.345354396268,-0.048898119108202145,-0.0001663112133469576,0.9988037576462458,61.166382790067814,3.692394170402313,234.72097784380577,-68.84745216992692,-33.923614501953125,4761.76025390625,True
1599384623.7075644,0.0,10,0.5,0.5,-0.060409945678710934,-0.001,-0.001,-0.2505,0.0023683193075921495,10,1,100,0.5183500213780141,-10,-1,-100,19342.801067852997,-0.04912065563897644,-0.00012951064459789923,0.998792843595002,61.52814018905957,3.7169582991688386,238.70859359078898,-69.57724470778798,-33.928680419921875,4761.76025390625,True
1599384623.7787921,0.0,10,0.5,0.5,-0.0662806427001953,-0.001,-0.001,-0.2505,0.011693857724935974,10,1,100,0.507217855318548,-10,-1,-100,19340.00703157473,-0.04917710492492249,-1.1160223173267835e-05,0.9987900741530487,61.71068082949996,3.729363572583107,240.72142067849722,-69.94212023638684,-33.93267822265625,4761.76025390625,True
1599384623.8486044,0.0,10,0.5,0.5,-0.06073135375976563,-0.001,-0.001,-0.2505,0.060596430787865155,10,1,100,0.4980690246151201,-10,-1,-100,19334.375175611698,-0.049100544810365084,0.0005410100607150017,0.9987936943170194,62.05340550979711,3.752872545118932,244.68424252166014,-70.67183002236497,-33.98101806640625,4761.76025390625,True
1599384623.9283917,0.0,10,0.5,0.5,-0.05827203369140625,-0.001,-0.001,-0.2505,0.08995471849162637,10,1,100,0.47942652292329224,-10,-1,-100,19330.112975386786,-0.048816830559195945,0.0013093847433196986,0.9988068895265736,62.277111933530676,3.7685427848920297,247.54475835273234,-71.21907674926824,-34.06121826171875,4761.76025390625,True
1599384623.969283,0.0,10,0.5,0.5,-0.041834722900390635,-0.001,-0.001,-0.2505,0.18243902322104616,10,1,100,0.43002702844494123,-10,-1,-100,19324.378967620432,-0.048065443262366996,0.002847483238915676,0.9988401298522184,62.52699618501017,3.7865983700796084,251.18894307775645,-71.9486928550079,-34.22869873046875,4761.76025390625,True
1599384624.0600407,0.0,10,0.5,0.5,-0.062164904785156266,-0.001,-0.001,-0.2505,0.13566211251334095,10,1,100,0.4500049098798061,-10,-1,-100,19321.490075826063,-0.04752028514805548,0.0038179213346247755,0.9988629765769328,62.62943734978685,3.794308419528363,252.92914074513922,-72.31348158592732,-34.33685302734375,4761.76025390625,True
1599384624.1228724,0.0,10,0.5,0.5,-0.04711500854492188,-0.001,-0.001,-0.2505,0.22221220385681012,10,1,100,0.3930827077050083,-10,-1,-100,19317.129380283062,-0.0464640120378668,0.005483485959905836,0.9989049138767274,62.75299259383166,3.8041113921904626,255.4262953060626,-72.86064141852901,-34.52655029296875,4761.76025390625,True
1599384624.1940033,0.0,10,0.5,0.5,-0.004625640869140635,-0.001,-0.001,-0.2505,0.42360271652708126,10,1,100,0.24068429226278343,-10,-1,-100,19309.78860263829,-0.04407608360454971,0.008823473474472987,0.9989892117385103,62.87142172831543,3.815323004346959,259.2481453854051,-73.77251427187426,-34.906494140625,4761.76025390625,True
1599384624.2653313,0.0,10,0.5,0.5,-0.011359158325195323,-0.001,-0.001,-0.2505,0.4289860229477477,10,1,100,0.2068316522040189,-10,-1,-100,19303.85032840958,-0.041557419134086726,0.011900743570199662,0.9990652397203048,62.88729455010268,3.8196772370386527,261.9888540677393,-74.50196144052029,-35.280059814453125,4761.76025390625,True
1599384624.3401275,0.0,10,0.5,0.5,-0.034133505249023435,-0.001,-0.001,-0.2505,0.3802220121340342,10,1,100,0.209794215735604,-10,-1,-100,19299.35832799459,-0.03925687708474016,0.014244133792035426,0.999127620604129,62.8487704734486,3.8199825959210316,263.83507379215945,-75.04901872724413,-35.583343505859375,4761.76025390625,True
1599384624.408945,0.0,10,0.5,0.5,-0.005695925903320312,-0.001,-0.001,-0.2505,0.4931060625826205,10,1,100,0.041472065498154354,-10,-1,-100,19293.317936778534,-0.03564403862137871,0.017387606775050194,0.9992132773544365,62.72252047106475,3.8159621249755684,265.97715857293554,-75.77839353572091,-35.997833251953125,4761.76025390625,True
1599384624.4867358,0.0,10,0.5,0.5,-0.02789280395507812,-0.001,-0.001,-0.2505,0.43322475593909804,10,1,100,0.05783887816246225,-10,-1,-100,19288.7493525584,-0.032520680694378,0.019685009319741008,0.9992771916416667,62.57111267355088,3.809573814513637,267.33558306333407,-76.32540029862422,-36.32159423828125,4761.76025390625,True
1599384624.5804863,0.0,10,0.5,0.5,0.006540377807617195,-0.001,-0.001,-0.2505,0.5170691205330302,10,1,100,-0.14823766547124156,-10,-1,-100,19282.606854271377,-0.02782298347700782,0.022517872975274845,0.9993592081864796,62.297274104991224,3.796752336309194,268.82271771994596,-77.05471327062179,-36.780029296875,4761.76025390625,True
1599384624.7520273,0.0,10,0.5,0.5,0.012221524047851554,-0.001,-0.001,-0.2505,0.5177468152717397,10,1,100,-0.2589241941838665,-10,-1,-100,19276.406012588297,-0.022565451710495937,0.02507938546618973,0.9994307503843072,61.94468943018444,3.7791824711446482,269.9448031200648,-77.78399587916269,-37.25811767578125,4761.76025390625,True
1599384624.8517613,0.0,10,0.5,0.5,0.11559028625488282,-0.001,-0.001,-0.2505,0.6219174028302483,10,1,100,-0.8742419123357251,-10,-1,-100,19265.414157036925,-0.0122159448294216,0.028333429435078,0.9995238803892441,61.156192648550686,3.737944989035624,271.0787806654345,-79.06017819176424,-38.14404296875,4761.76025390625,True
1599384624.9983673,0.0,10,0.5,0.5,0.022094735717773442,-0.001,-0.001,-0.2505,0.40246113794397664,10,1,100,-0.5513980196353216,-10,-1,-100,19259.05288145563,-0.005774837142478548,0.02927342522946836,0.9995547597962366,60.6223694812729,3.709179058484039,271.3024850493415,-79.78939535262788,-38.65313720703125,4761.76025390625,True
1599384625.064192,0.0,10,0.5,0.5,0.06704488830566405,-0.001,-0.001,-0.2505,0.19496695449685453,10,1,100,-0.9754145797106146,-10,-1,-100,19249.401587557863,0.0038974608936036387,0.02821851473494499,0.9995941802675407,59.77007437934561,3.6625384774218395,271.3195838583178,-80.88318802319957,-39.33721923828125,4761.76025390625,True
1599384625.159938,0.0,10,0.5,0.5,-0.016401046752929693,-0.001,-0.001,-0.2505,0.05517319313443014,10,1,100,-0.7130454509312548,-10,-1,-100,19242.89447306993,0.0102595020530192,0.02596798461046985,0.9996101271960457,59.20925802004743,3.6315476129078017,271.30470135167013,-81.61236288552941,-39.68487548828125,4761.76025390625,True
1599384625.2297502,0.0,10,0.5,0.5,-0.007240316772460939,-0.001,-0.001,-0.2505,-0.22463481898978702,10,1,100,-0.8726357556842871,-10,-1,-100,19234.67854935408,0.01744460079964494,0.02136275301333048,0.9996195869862858,58.55841769760614,3.595367358252775,271.45187808430194,-82.52380940503988,-40.065673828125,4761.76025390625,True
1599384625.290587,0.0,10,0.5,0.5,-0.049093283081054685,-0.001,-0.001,-0.2505,-0.1469270938648554,10,1,100,-0.5877409490467935,-10,-1,-100,19229.70524625748,0.021332917763569555,0.017874010872118495,0.9996126381529178,58.232036838185,3.5772799615733337,271.80647285124695,-83.07066372031883,-40.276641845703125,4761.76025390625,True
1599384625.3258655,0.0,10,0.5,0.5,-0.044168615722656256,-0.001,-0.001,-0.2505,-0.23513242309865223,10,1,100,-0.575263346661121,-10,-1,-100,19224.699132330716,0.024699236986496443,0.013897260589727551,0.9995983262492921,57.95738807155678,3.562114868406953,272.38361217351076,-83.61750622980426,-40.504486083984375,4761.76025390625,True
1599384625.3827145,0.0,10,0.5,0.5,-0.06026035461425781,-0.001,-0.001,-0.2505,-0.15250293935341153,10,1,100,-0.46646236967565946,-10,-1,-100,19221.343495261273,0.02671556987510044,0.01103638322722463,0.9995821509868563,57.81630060537735,3.554438560012289,272.95715859159117,-83.98206035348697,-40.6656494140625,4761.76025390625,True
1599384625.4475408,0.0,10,0.5,0.5,-0.05593465270996095,-0.001,-0.001,-0.2505,-0.196688671165092,10,1,100,-0.4683505610763704,-10,-1,-100,19217.97327619209,0.028511914013320105,0.008041759541290803,0.9995611041165903,57.70664586788511,3.548572194095113,273.67397366481697,-84.34660762768571,-40.841644287109375,4761.76025390625,True
1599384625.512367,0.0,10,0.5,0.5,0.0013209655761718675,-0.001,-0.001,-0.2505,-0.597486384296548,10,1,100,-0.6217765386613184,-10,-1,-100,19211.189093405264,0.03148852221020994,0.0016889189014595268,0.999502686600672,57.571210819858614,3.5416213012152027,275.49571389200014,-85.07567952440591,-41.24298095703125,4761.76025390625,True
1599384625.550265,0.0,10,0.5,0.5,-0.010903976440429702,-0.001,-0.001,-0.2505,-0.5149617974581231,10,1,100,-0.5206042160840374,-10,-1,-100,19206.06268083083,0.033225641298570224,-0.003314903193888015,0.999442378617754,57.53267588773229,3.5399466374422746,277.15896474384465,-85.6224616779277,-41.592529296875,4761.76025390625,True
1599384625.6140943,0.0,10,0.5,0.5,-0.06648393249511719,-0.001,-0.001,-0.2505,-0.20604553429968692,10,1,100,-0.405630635597304,-10,-1,-100,19204.34658646537,0.03371831556890201,-0.005026731494919119,0.9994187346481325,57.531135217478365,3.540017271637589,277.76759588748314,-85.8047180380281,-41.71832275390625,4761.76025390625,True
1599384625.644014,0.0,10,0.5,0.5,0.03184518432617188,-0.001,-0.001,-0.2505,-0.7952926617795042,10,1,100,-0.489750171637502,-10,-1,-100,19197.445758186048,0.034895021458013264,-0.011908549148650837,0.999320030788245,57.60388162901,3.5448127374184195,280.58723216993536,-86.53371956647412,-42.233367919921875,4761.76025390625,True
1599384625.6869,0.0,10,0.5,0.5,-0.029864422607421878,-0.001,-0.001,-0.2505,-0.49879212082176166,10,1,100,-0.4066954029599513,-10,-1,-100,19193.973474582308,0.03518153113235085,-0.01543280840344238,0.9992617716554387,57.69764639318898,3.5505336822260047,282.2809176942035,-86.89820451018282,-42.499847412109375,4761.76025390625,True
1599384625.7617004,0.0,10,0.5,0.5,-0.026376855468750016,-0.001,-0.001,-0.2505,-0.5347380153211294,10,1,100,-0.37694194744352827,-10,-1,-100,19190.486612076522,0.03514885212334541,-0.01892582422777993,0.9992028679761235,57.82045194953408,3.557899266109231,284.12190442048353,-87.26267802086468,-42.77801513671875,4761.76025390625,True
1599384625.8235352,0.0,10,0.5,0.5,0.04499134826660156,-0.001,-0.001,-0.2505,-0.9576703782382237,10,1,100,-0.29346413843333174,-10,-1,-100,19183.46915156208,0.034344159986589864,-0.02590950684256846,0.999074159474656,58.17762984566488,3.5790557785908774,288.3746621478723,-87.99158778847531,-43.3377685546875,4761.76025390625,True
1599384625.931245,0.0,10,0.5,0.5,0.015194906616210924,-0.001,-0.001,-0.2505,-0.8317132468164118,10,1,100,-0.23496695725365727,-10,-1,-100,19178.167789975414,0.03306900072224867,-0.03107344119061912,0.9989699106798989,58.538241240093505,3.600231009303421,292.0489710015062,-88.53823404465756,-43.775604248046875,4761.76025390625,True
1599384626.0180144,0.0,10,0.5,0.5,0.08012428283691407,-0.001,-0.001,-0.2505,-1.195737052757516,10,1,100,0.04498548409451003,-10,-1,-100,19169.25930521125,0.029357133957195383,-0.039036351832147625,0.9988064486783494,59.34138892173947,3.647159705286904,299.24828713892646,-89.44923304838166,-44.46856689453125,4761.76025390625,True
1599384626.0529203,0.0,10,0.5,0.5,0.0609734619140625,-0.001,-0.001,-0.2505,-1.1837786127469883,10,1,100,0.29134821891235463,-10,-1,-100,19160.259727403056,0.023740646977819174,-0.04612112774702386,0.9986537053735982,60.455723610943046,3.712187241574712,308.12682498346055,-90.36011548330454,-45.08111572265625,4761.76025390625,True
1599384626.2085054,0.0,10,0.5,0.5,-0.06377074279785157,-0.001,-0.001,-0.2505,-0.6163590942731364,10,1,100,-0.1240504365209879,-10,-1,-100,19158.448881808436,0.022415438652358007,-0.04735423487688695,0.998626619187195,60.71469848954984,3.7272824478851763,310.10229958574,-90.54227580927225,-45.19354248046875,4761.76025390625,True
1599384626.2972674,0.0,10,0.5,0.5,0.08128323364257811,-0.001,-0.001,-0.2505,-1.3206480733430932,10,1,100,1.1320004326012214,-10,-1,-100,19143.83097614185,0.00980030780406218,-0.054833283755781774,0.9984474272386622,63.16054673340601,3.8694303913977577,328.0632757673215,-91.9993334447369,-45.880706787109375,4761.76025390625,True
1599384626.377571,0.0,10,0.5,0.5,-0.019312149047851557,-0.001,-0.001,-0.2505,-0.8348029462145072,10,1,100,0.7073652380818579,-10,-1,-100,19136.434610515716,0.0022136227407824694,-0.05716881032582457,0.9983620720962367,64.58916133462685,3.9521042987459576,338.28948010269966,-92.72769222635641,-46.1634521484375,4761.76025390625,True
1599384626.4433956,0.0,10,0.5,0.5,-0.041157568359375,-0.001,-0.001,-0.2505,-0.670247558450596,10,1,100,0.5859863018840406,-10,-1,-100,19130.849100970896,-0.0035512781760115458,-0.05774865633816346,0.9983248374724798,65.74333362550229,4.01872722957413,346.4811792062097,-93.273878607878,-46.3564453125,4761.76025390625,True
1599384626.4942577,0.0,10,0.5,0.5,-0.040168508911132814,-0.001,-0.001,-0.2505,-0.573520658211895,10,1,100,0.9013444763863075,-10,-1,-100,19123.350782752503,-0.01162403850526851,-0.057354780795220155,0.9982861868466177,67.33103182707008,4.110021532380219,357.78659835000514,-94.00200900257924,-46.55096435546875,4761.76025390625,True
1599384626.5301616,0.0,10,0.5,0.5,-0.06470506286621094,-0.001,-0.001,-0.2505,-0.5290534271284841,10,1,100,0.5468584715096969,-10,-1,-100,19119.579781702836,-0.015697760969680546,-0.05655435368052089,0.9982761067862523,68.14125368969192,4.15648986076143,363.5815193419059,-94.36602159137124,-46.645538330078125,4761.76025390625,True
1599384626.5840204,0.0,10,0.5,0.5,-0.06281150512695313,-0.001,-0.001,-0.2505,-0.48243129479639413,10,1,100,0.5883405135556912,-10,-1,-100,19115.794221225777,-0.01973203030766141,-0.055368647346454615,0.9982709851893731,68.96074544986064,4.203429531613748,369.4635051032007,-94.72999774152831,-46.7457275390625,4761.76025390625,True
1599384626.6249094,0.0,10,0.5,0.5,-0.06016007080078126,-0.001,-0.001,-0.2505,-0.4381254936953495,10,1,100,0.6350613494124883,-10,-1,-100,19111.994102823315,-0.02377512258607467,-0.05386117145047224,0.998265354380287,69.77948731961537,4.250248815748125,375.3793612098066,-95.09393697957375,-46.854705810546875,4761.76025390625,True
1599384626.6857495,0.0,10,0.5,0.5,-0.05617422790527343,-0.001,-0.001,-0.2505,-0.39316757855900875,10,1,100,0.6824984905161178,-10,-1,-100,19108.179427820258,-0.0278302312825667,-0.05206131437992167,0.9982560281670197,70.59659220333371,4.296916922039495,381.3243276739653,-95.45783921556236,-46.977874755859375,4761.76025390625,True
1599384626.7483103,0.0,10,0.5,0.5,-0.013425509643554698,-0.001,-0.001,-0.2505,-0.0796896936090622,10,1,100,1.1579214230752621,-10,-1,-100,19100.506414784584,-0.035786731879697345,-0.04756344085028729,0.9982269425916394,72.2334497644109,4.390340611044109,393.3427353791326,-96.18553093247823,-47.26953125,4761.76025390625,True
1599384626.7892032,0.0,10,0.5,0.5,-0.021457476806640632,-0.001,-0.001,-0.2505,-0.07875180126180881,10,1,100,1.0110483406946429,-10,-1,-100,19094.71345540369,-0.041630588601940015,-0.04346462742645986,0.9981872170366315,73.4547098806906,4.460043316449239,402.4219112392269,-96.73119977046049,-47.5272216796875,4761.76025390625,True
1599384626.846076,0.0,10,0.5,0.5,-0.06285750122070312,-0.001,-0.001,-0.2505,-0.32317108287876306,10,1,100,0.6324990992632475,-10,-1,-100,19092.77519398136,-0.04344360522073494,-0.04196396288081671,0.9981741726696611,73.85908897162794,4.4831342324603325,405.45252465768357,-96.91307023368495,-47.61834716796875,4761.76025390625,True
1599384626.879984,0.0,10,0.5,0.5,-0.03909891357421875,-0.001,-0.001,-0.2505,-0.11925435295605957,10,1,100,0.8489913705315197,-10,-1,-100,19088.88775951555,-0.04701151014660117,-0.03875763331354833,0.9981421560948461,74.65020080524694,4.528298259805853,411.44499369316975,-97.27678251175317,-47.802886962890625,4761.76025390625,True
1599384626.9154038,0.0,10,0.5,0.5,0.01185197143554688,-0.001,-0.001,-0.2505,0.35286803600339556,10,1,100,1.2385897009984275,-10,-1,-100,19081.069249920547,-0.05375211296264473,-0.031567503968229556,0.9980552104193771,76.14574383603656,4.61370284936674,423.0601113985561,-98.00409434092069,-48.188629150390625,4761.76025390625,True
1599384626.9473183,0.0,10,0.5,0.5,-0.08459322814941406,-0.001,-0.001,-0.2505,-0.3635267832914887,10,1,100,0.5695495028727343,-10,-1,-100,19081.069249920547,-0.05375211296264473,-0.031567503968229556,0.9980552104193771,76.14574383603656,4.61370284936674,423.0601113985561,-98.00409434092069,-48.188629150390625,4761.76025390625,True
1599384626.9842205,0.0,10,0.5,0.5,-0.031624285888671874,-0.001,-0.001,-0.2505,0.07590425278277152,10,1,100,0.9056269436281361,-10,-1,-100,19077.138177824556,-0.05676906417455077,-0.02759611934648809,0.9980058755086365,76.86537275378792,4.654932922037722,428.7637770876167,-98.36769462124113,-48.398590087890625,4761.76025390625,True
1599384627.0480485,0.0,10,0.5,0.5,-0.0004846099853515612,-0.001,-0.001,-0.2505,0.38008888845685745,10,1,100,1.084100920566299,-10,-1,-100,19071.214302203618,-0.06109690024553513,-0.02124678048817146,0.9979056784582772,77.89768173547306,4.71430788126335,437.1189302663728,-98.91302614096914,-48.7308349609375,4761.76025390625,True
1599384627.0789654,0.0,10,0.5,0.5,-0.05319651489257812,-0.001,-0.001,-0.2505,-0.004947987180836444,10,1,100,0.8084465786616428,-10,-1,-100,19069.23240641784,-0.06248774368371688,-0.019006009365370183,0.9978647470961791,78.23422981426023,4.733760869631529,439.87792432129584,-99.09478524184357,-48.85137939453125,4761.76025390625,True
1599384627.1118782,0.0,10,0.5,0.5,-0.02008797302246093,-0.001,-0.001,-0.2505,0.2801490387798392,10,1,100,0.9422436051787323,-10,-1,-100,19065.257710004924,-0.06493329012213052,-0.014408840074167517,0.9977855747412027,78.89986584718986,4.772416912898046,445.37797631111005,-99.45827590628073,-49.102294921875,4761.76025390625,True
1599384627.1458235,0.0,10,0.5,0.5,-0.018365887451171875,-0.001,-0.001,-0.2505,0.34594749721551643,10,1,100,0.9433142596373543,-10,-1,-100,19061.26847505069,-0.0671325173259126,-0.009665656982118713,0.9976972487646691,79.53506792486854,4.809529791325311,450.73748165502053,-99.82173079951068,-49.35821533203125,4761.76025390625,True
1599384627.1817265,0.0,10,0.5,0.5,0.017857522583007823,-0.001,-0.001,-0.2505,0.7038585981312893,10,1,100,1.0548863284810825,-10,-1,-100,19055.257365856436,-0.07011761015025184,-0.0021343876027202003,0.99753644802402,80.41422951679608,4.861375950473732,458.4141800090372,-100.36684785713268,-49.756317138671875,4761.76025390625,True
1599384627.2126372,0.0,10,0.5,0.5,-0.08164407043457031,-0.001,-0.001,-0.2505,-0.04513531582618804,10,1,100,0.7592257482019907,-10,-1,-100,19055.257365856436,-0.07011761015025184,-0.0021343876027202003,0.99753644802402,80.41422951679608,4.861375950473732,458.4141800090372,-100.36684785713268,-49.756317138671875,4761.76025390625,True
1599384627.245556,0.0,10,0.5,0.5,-0.012284658813476568,-0.001,-0.001,-0.2505,0.5269978264478326,10,1,100,0.9302528622534121,-10,-1,-100,19051.23179048649,-0.07164815300078338,0.003030614076790808,0.9974253644007124,80.95556882629224,4.8937015285482275,463.3111576232466,-100.7302169373055,-50.03125,4761.76025390625,True
1599384627.2784657,0.0,10,0.5,0.5,-0.01168711242675781,-0.001,-0.001,-0.2505,0.587596193024044,10,1,100,0.9020796766222944,-10,-1,-100,19047.19168145687,-0.07276103877475264,0.008238975074866066,0.9973153716483741,81.449661055405,4.923580810818265,467.9629310831504,-101.09355340928074,-50.30657958984375,4761.76025390625,True
1599384627.3163326,0.0,10,0.5,0.5,0.026178094482421865,-0.001,-0.001,-0.2505,0.9652060248711932,10,1,100,0.9259588669743533,-10,-1,-100,19041.104269828647,-0.0739725558217324,0.016370477654414843,0.9971259040094018,82.0934097291371,4.963333777611925,474.4228136535405,-101.63849999121926,-50.73052978515625,4761.76025390625,True
1599384627.348245,0.0,10,0.5,0.5,-0.07976723937988281,-0.001,-0.001,-0.2505,0.15684956507857997,10,1,100,0.8068292065622858,-10,-1,-100,19041.104269828647,-0.0739725558217324,0.016370477654414843,0.9971259040094018,82.0934097291371,4.963333777611925,474.4228136535405,-101.63849999121926,-50.73052978515625,4761.76025390625,True
1599384627.378201,0.0,10,0.5,0.5,-0.043322589111328136,-0.001,-0.001,-0.2505,0.4600591838138947,10,1,100,0.829404752855078,-10,-1,-100,19039.067867156235,-0.07416214852289671,0.01908695910018961,0.9970635204031766,82.28407487455236,4.975369987405846,476.44812973673663,-101.82013400354586,-50.87451171875,4761.76025390625,True
1599384627.4111063,0.0,10,0.5,0.5,-0.00640740051269531,-0.001,-0.001,-0.2505,0.7895515474952547,10,1,100,0.8180287807949995,-10,-1,-100,19034.984164185473,-0.07421921009770231,0.02451520577564416,0.9969405767337643,82.62435350671349,4.997322652628731,480.2742223119104,-102.18338097191348,-51.163848876953125,4761.76025390625,True
1599384627.4490101,0.0,10,0.5,0.5,-0.003883596801757816,-0.001,-0.001,-0.2505,0.8746080893665468,10,1,100,0.8016466045191637,-10,-1,-100,19030.885931955185,-0.07411149041191437,0.030183652029304578,0.9967930748852034,82.90613971799915,5.016229068349198,483.7758083913556,-102.54660111481651,-51.461151123046875,4761.76025390625,True
1599384627.4789243,0.0,10,0.5,0.5,0.04134978637695312,-0.001,-0.001,-0.2505,1.2320253914602732,10,1,100,0.6993166225569714,-10,-1,-100,19024.711344117648,-0.0730749470430965,0.03854549455884477,0.9965813047433022,83.25005697034823,5.040778161997565,488.59228382623326,-103.09138396907895,-51.936187744140625,4761.76025390625,True
1599384627.5118427,0.0,10,0.5,0.5,-0.0773890899658203,-0.001,-0.001,-0.2505,0.4006622536603506,10,1,100,0.8035652024104764,-10,-1,-100,19024.711344117648,-0.0730749470430965,0.03854549455884477,0.9965813047433022,83.25005697034823,5.040778161997565,488.59228382623326,-103.09138396907895,-51.936187744140625,4761.76025390625,True
1599384627.545718,0.0,10,0.5,0.5,0.0042087341308593845,-0.001,-0.001,-0.2505,1.0154589741939661,10,1,100,0.6763938333407904,-10,-1,-100,19020.576793888,-0.07191615519983313,0.04409757394354894,0.9964353820462052,83.41380804157754,5.053830046428613,491.4316565010541,-103.4545432885998,-52.259765625,4761.76025390625,True
1599384627.5836177,0.0,10,0.5,0.5,0.04379555053710937,-0.001,-0.001,-0.2505,1.3761643368040344,10,1,100,0.5288604375652881,-10,-1,-100,19014.347732674796,-0.06951986033977134,0.05238202944287493,0.9962043525350531,83.53989199251971,5.067140591275528,494.9981174121741,-103.99924310223936,-52.73846435546875,4761.76025390625,True
1599384627.6454854,0.0,10,0.5,0.5,-0.0350926025390625,-0.001,-0.001,-0.2505,0.8458106315450166,10,1,100,0.6557018288878116,-10,-1,-100,19012.264116508304,-0.06849644883597539,0.05504709038048377,0.9961315446955304,83.5521374614503,5.070026801440798,496.0124396907062,-104.18080037752023,-52.9005126953125,4761.76025390625,True
1599384627.6943223,0.0,10,0.5,0.5,0.08465472106933594,-0.001,-0.001,-0.2505,1.7267811783759432,10,1,100,0.2119544067810949,-10,-1,-100,19003.893342213007,-0.06353588416786235,0.06543614337194967,0.9958319650240263,83.44364004923732,5.0732489099109115,499.13202000902527,-104.90698972846005,-53.537017822265625,4761.76025390625,True
1599384627.723243,0.0,10,0.5,0.5,0.004215063476562489,-0.001,-0.001,-0.2505,1.249457013500849,10,1,100,0.3726755790179176,-10,-1,-100,18999.686170131667,-0.06049686937323422,0.07049682126012914,0.9956758142027229,83.29546923137997,5.069853042696774,500.1248172813946,-105.27006476678446,-53.85003662109375,4761.76025390625,True
1599384627.7797685,0.0,10,0.5,0.5,-0.0346794219970703,-0.001,-0.001,-0.2505,1.0100966201710107,10,1,100,0.5002355953414221,-10,-1,-100,18997.5771380231,-0.058906015786920965,0.0728722281794704,0.995600180626877,83.19837082217218,5.066918384809473,500.48035339421006,-105.45159835961536,-54.00592041015625,4761.76025390625,True
1599384627.8126855,0.0,10,0.5,0.5,0.03931006469726561,-0.001,-0.001,-0.2505,1.5420731289894505,10,1,100,0.06915512017750114,-10,-1,-100,18991.228258335497,-0.05355474105490597,0.07981894339623982,0.9953696931219324,82.82600046207197,5.053785324132382,501.0434532724278,-105.99618683756395,-54.454132080078125,4761.76025390625,True
1599384627.8495471,0.0,10,0.5,0.5,-0.0353749755859375,-0.001,-0.001,-0.2505,1.0964669717544109,10,1,100,0.38878222435518206,-10,-1,-100,18989.104704012745,-0.051614432672001075,0.08203289785696567,0.9952921952919835,82.6739128115793,5.04789035213911,501.0560501868335,-106.17771328112654,-54.602294921875,4761.76025390625,True
1599384627.8804655,0.0,10,0.5,0.5,-0.034505914306640635,-0.001,-0.001,-0.2505,1.1192602976590398,10,1,100,0.35625104446428696,-10,-1,-100,18986.97751907166,-0.04957522983193386,0.08420566010600611,0.9952144007163596,82.50737112445123,5.041198850186708,500.9774118463224,-106.35923866506286,-54.7520751953125,4761.76025390625,True
1599384627.913141,0.0,10,0.5,0.5,0.0031346832275390563,-0.001,-0.001,-0.2505,1.3538258470360902,10,1,100,0.10216061847397451,-10,-1,-100,18982.71225788747,-0.04543285948397097,0.08827180335806409,0.9950597690646654,82.1304931088185,5.025375425462719,500.5417644544936,-106.72228749775782,-55.0498046875,4761.76025390625,True
1599384627.947597,0.0,10,0.5,0.5,-0.03376478576660156,-0.001,-0.001,-0.2505,1.1712741510526925,10,1,100,0.26613469671070233,-10,-1,-100,18980.574181555305,-0.04318287086757417,0.09026353061572298,0.9949812735445922,81.92351488288101,5.016436775904425,500.20423827725966,-106.9038116247647,-55.198394775390625,4761.76025390625,True
1599384627.9844608,0.0,10,0.5,0.5,0.08459899291992187,-0.001,-0.001,-0.2505,1.7729911268174194,10,1,100,-0.5592734760367828,-10,-1,-100,18971.985571266734,-0.03365983717708381,0.09750237703266297,0.994665924737644,80.95316429047703,4.972524976783872,497.93015487862937,-107.62991312885401,-55.81585693359375,4761.76025390625,True
1599384628.0144222,0.0,10,0.5,0.5,-0.06976753845214843,-0.001,-0.001,-0.2505,1.053618519882399,10,1,100,0.3894438906959844,-10,-1,-100,18971.985571266734,-0.03365983717708381,0.09750237703266297,0.994665924737644,80.95316429047703,4.972524976783872,497.93015487862937,-107.62991312885401,-55.81585693359375,4761.76025390625,True
1599384628.0453389,0.0,10,0.5,0.5,0.01089838562011719,-0.001,-0.001,-0.2505,1.4160797206549964,10,1,100,-0.18472359778731007,-10,-1,-100,18967.669482725207,-0.028471802383289217,0.10075888314273006,0.994503395638686,80.38789309444222,4.945908538872573,496.26489308797903,-107.9929718044744,-56.13543701171875,4761.76025390625,True
1599384628.1167603,0.0,10,0.5,0.5,-0.028517507934570314,-0.001,-0.001,-0.2505,1.250388331070532,10,1,100,0.05350343769980742,-10,-1,-100,18965.50599262584,-0.025952983876799358,0.10218094630132248,0.9944272204846651,80.08449657795796,4.9313647560988985,495.2940329600892,-108.1745040845173,-56.295989990234375,4761.76025390625,True
1599384628.1805942,0.0,10,0.5,0.5,0.09918802490234374,-0.001,-0.001,-0.2505,1.6949481991204336,10,1,100,-0.9235491816863733,-10,-1,-100,18956.815724537126,-0.0148122558632946,0.1074863805868227,0.994096210165085,78.75737216102607,4.866318480581246,490.6328242577959,-108.90066098626377,-56.96270751953125,4761.76025390625,True
1599384628.2154973,0.0,10,0.5,0.5,0.10711180114746094,-0.001,-0.001,-0.2505,1.613459459840069,10,1,100,-1.1152905386388576,-10,-1,-100,18948.067360674147,-0.002981303296834626,0.11153722853254017,0.9937557841250193,77.2486033894487,4.789936089657072,484.70853262934946,-109.62687732065169,-57.6571044921875,4761.76025390625,True
1599384628.2493737,0.0,10,0.5,0.5,-0.06651434326171876,-0.001,-0.001,-0.2505,1.2115464937819518,10,1,100,0.06274737423133281,-10,-1,-100,18948.067360674147,-0.002981303296834626,0.11153722853254017,0.9937557841250193,77.2486033894487,4.789936089657072,484.70853262934946,-109.62687732065169,-57.6571044921875,4761.76025390625,True
1599384628.2793248,0.0,10,0.5,0.5,0.06864389038085937,-0.001,-0.001,-0.2505,1.4327089040914953,10,1,100,-0.924050724371278,-10,-1,-100,18941.46795945696,0.005945376572848048,0.11352097378019459,0.9935178111183531,75.9961943482205,4.724837134940447,479.4111883709129,-110.17159104171748,-58.19329833984375,4761.76025390625,True
1599384628.3122082,0.0,10,0.5,0.5,0.01973537292480468,-0.001,-0.001,-0.2505,1.3398543300589247,10,1,100,-0.7150530762294064,-10,-1,-100,18937.05020054709,0.012110088192720027,0.11445359577442597,0.9933547806188225,75.1358087175698,4.679612474859456,475.670258380395,-110.53476232618388,-58.531524658203125,4761.76025390625,True
1599384628.346834,0.0,10,0.5,0.5,-0.02091669921875,-0.001,-0.001,-0.2505,1.2877845126041692,10,1,100,-0.4512328114771555,-10,-1,-100,18934.83587330859,0.01526369366969528,0.11480427034466913,0.9932708589132099,74.6955397860502,4.656281922859652,473.72100306315576,-110.71635721085681,-58.70538330078125,4761.76025390625,True
1599384628.3847337,0.0,10,0.5,0.5,0.024192926025390624,-0.001,-0.001,-0.2505,1.2757471053928389,10,1,100,-0.7945182491475145,-10,-1,-100,18930.39632260322,0.021198251205278528,0.11499132467048813,0.9931402868660419,73.78475376331632,4.607525905364329,469.59952595505916,-111.0795671850978,-59.0565185546875,4761.76025390625,True
1599384628.4126568,0.0,10,0.5,0.5,0.02513675842285157,-0.001,-0.001,-0.2505,1.244745183583641,10,1,100,-0.8775599755120652,-10,-1,-100,18925.942242667777,0.027298357306047977,0.11486363936147831,0.9930061148054566,72.85464820791995,4.557250888710915,465.31271396467656,-111.44280561642314,-59.408721923828125,4761.76025390625,True
1599384628.4465663,0.0,10,0.5,0.5,0.0283196533203125,-0.001,-0.001,-0.2505,1.1962071918574697,10,1,100,-0.9367950800141052,-10,-1,-100,18921.47363214055,0.03332699271632681,0.11429052437184163,0.992888204983469,71.8986555853067,4.505005384069185,460.81722100532136,-111.80607416030445,-59.770751953125,4761.76025390625,True
1599384628.4794796,0.0,10,0.5,0.5,0.029996936035156248,-0.001,-0.001,-0.2505,1.1402700336365035,10,1,100,-0.9899039000850756,-10,-1,-100,18916.99049010349,0.03923419709440765,0.11324868963268213,0.9927917264335142,70.920589413968,4.450991200468139,456.1358677046916,-112.16937522945506,-60.136566162109375,4761.76025390625,True
1599384628.5168898,0.0,10,0.5,0.5,-0.015112338256835937,-0.001,-0.001,-0.2505,1.1698449829849837,10,1,100,-0.7271706283793312,-10,-1,-100,18914.743469267618,0.042156637530818726,0.11256036873358571,0.9927502109305515,70.42614821240774,4.423490380140524,453.7435331999632,-112.35103822473513,-60.320037841796875,4761.76025390625,True
1599384628.5488064,0.0,10,0.5,0.5,-0.06073626098632813,-0.001,-0.001,-0.2505,1.2391844717093017,10,1,100,-0.44062347407763464,-10,-1,-100,18914.743469267618,0.042156637530818726,0.11256036873358571,0.9927502109305515,70.42614821240774,4.423490380140524,453.7435331999632,-112.35103822473513,-60.320037841796875,4761.76025390625,True
1599384628.5827143,0.0,10,0.5,0.5,0.12629764099121094,-0.001,-0.001,-0.2505,0.8122345208490709,10,1,100,-1.704995867550961,-10,-1,-100,18905.719049603213,0.05360989752527837,0.10867807541649176,0.9926303716948703,68.41745160829468,4.310437492505137,443.86039296664575,-113.0777784818604,-61.062652587890625,4761.76025390625,True
1599384628.6569803,0.0,10,0.5,0.5,-0.01063411254882813,-0.001,-0.001,-0.2505,1.0654484891807485,10,1,100,-0.879673756726923,-10,-1,-100,18903.45385976904,0.056467577239275785,0.10745326225225436,0.9926052635121752,67.90514539023765,4.28124609286953,441.29508269435837,-113.25948653925646,-61.256500244140625,4761.76025390625,True
1599384628.7287884,0.0,10,0.5,0.5,0.13762077026367187,-0.001,-0.001,-0.2505,0.5227737937064383,10,1,100,-1.791812137952402,-10,-1,-100,18894.35675505607,0.06731170571708103,0.10141190551820659,0.9925647382879483,65.79117755038706,4.159171230007486,430.49339058661775,-113.98641799340062,-62.037841796875,4761.76025390625,True
1599384628.7696772,0.0,10,0.5,0.5,0.08580173950195312,-0.001,-0.001,-0.2505,0.49660201202362475,10,1,100,-1.5778065723774894,-10,-1,-100,18887.49575775792,0.075174315903019,0.09569369382673414,0.9925681534233851,64.16732773200684,4.063877972551396,422.0135362944023,-114.5317265848907,-62.608642578125,4761.76025390625,True
1599384628.8125641,0.0,10,0.5,0.5,0.08733850402832032,-0.001,-0.001,-0.2505,0.3462181992733071,10,1,100,-1.605121800458312,-10,-1,-100,18880.60203798709,0.0825159993980307,0.08914556724268169,0.9925946693813769,62.50861017683943,3.965243670543328,413.19272588737067,-115.07713553531832,-63.181732177734375,4761.76025390625,True
1599384628.8634272,0.0,10,0.5,0.5,0.0342755615234375,-0.001,-0.001,-0.2505,0.46635885396229076,10,1,100,-1.3862003086069752,-10,-1,-100,18875.9880424859,0.08714431833285395,0.08430840880655914,0.992621760786458,61.41020192870103,3.8993401497493543,407.29875731444065,-115.44079909890002,-63.5399169921875,4761.76025390625,True
1599384628.9142902,0.0,10,0.5,0.5,0.030426412963867187,-0.001,-0.001,-0.2505,0.3848626587072619,10,1,100,-1.4077768241449335,-10,-1,-100,18871.359499148675,0.09149362572301398,0.07919789502645194,0.9926513032658729,60.31633726416756,3.83325543753697,401.38545391185664,-115.8045094548513,-63.879730224609375,4761.76025390625,True
1599384628.9472024,0.0,10,0.5,0.5,0.06802561950683593,-0.001,-0.001,-0.2505,-0.01765090417557935,10,1,100,-1.642436421789485,-10,-1,-100,18864.389402559143,0.09752793184446748,0.07092466159046083,0.9927023697405076,58.69801186905755,3.7347289097022447,392.5734644690316,-116.35016381998861,-64.36605834960938,4761.76025390625,True
1599384628.9841042,0.0,10,0.5,0.5,-0.013166406250000005,-0.001,-0.001,-0.2505,0.48813025740497423,10,1,100,-1.2498730322922493,-10,-1,-100,18862.058761004126,0.09939191229149574,0.06804002723396688,0.9927193976472106,58.16428459079998,3.702044062422835,389.65018555612824,-116.53207237379566,-64.52593994140625,4761.76025390625,True
1599384629.0140235,0.0,10,0.5,0.5,-0.05279615478515626,-0.001,-0.001,-0.2505,0.772141658904408,10,1,100,-1.0691985150654908,-10,-1,-100,18862.058761004126,0.09939191229149574,0.06804002723396688,0.9927193976472106,58.16428459079998,3.702044062422835,389.65018555612824,-116.53207237379566,-64.52593994140625,4761.76025390625,True
1599384629.047933,0.0,10,0.5,0.5,0.107659423828125,-0.001,-0.001,-0.2505,-0.5759789552172198,10,1,100,-1.816145607225684,-10,-1,-100,18852.699808365316,0.1061303083340787,0.05582485832513355,0.9927839356304534,56.08277450611457,3.5737704563420576,378.19762298029315,-117.25982642056249,-65.16226196289062,4761.76025390625,True
1599384629.0808454,0.0,10,0.5,0.5,-0.009353771972656251,-0.001,-0.001,-0.2505,0.27725871768753696,10,1,100,-1.3167413444566551,-10,-1,-100,18850.350972408778,0.10766833833779131,0.052524913813593185,0.9927983996504293,55.57927922506094,3.542564809520332,375.41943617321414,-117.44179447170572,-65.32916259765625,4761.76025390625,True
1599384629.1167483,0.0,10,0.5,0.5,-0.0074364501953125065,-0.001,-0.001,-0.2505,0.2313893233457202,10,1,100,-1.3292592408284571,-10,-1,-100,18847.99849684979,0.10913380034354778,0.04915790462584785,0.9928108148259519,55.07763988872055,3.5114002148014016,372.64257756447364,-117.62377418824528,-65.50140380859375,4761.76025390625,True
1599384629.1477005,0.0,10,0.5,0.5,0.03399848327636719,-0.001,-0.001,-0.2505,-0.16251422245901315,10,1,100,-1.4690684840978336,-10,-1,-100,18843.282625974738,0.11169901156520574,0.04256354949412029,0.9928301340460097,54.08682314969584,3.449649526907801,367.139924320468,-117.98776934277096,-65.83633422851562,4761.76025390625,True
1599384629.1884134,0.0,10,0.5,0.5,0.0375573974609375,-0.001,-0.001,-0.2505,-0.28367806354394987,10,1,100,-1.4752226329046818,-10,-1,-100,18838.552193963667,0.11405376430526416,0.03551549185935274,0.9928395583808027,53.13272949447815,3.389980903817926,361.843307060485,-118.35181106840177,-66.18280029296875,4761.76025390625,True
1599384629.3140779,0.0,10,0.5,0.5,0.03911731567382812,-0.001,-0.001,-0.2505,-0.3688828097818145,10,1,100,-1.461243574368783,-10,-1,-100,18833.80719887535,0.11603869556871162,0.028382332748659218,0.992839092863721,52.20654708996272,3.331868543122807,356.695079736185,-118.71589866245795,-66.53289794921875,4761.76025390625,True
1599384629.3848894,0.0,10,0.5,0.5,0.20742314453125,-0.001,-0.001,-0.2505,-2.0804327841577246,10,1,100,-1.6811160040373556,-10,-1,-100,18819.484817500925,0.11981575118952736,0.006388939313754924,0.9927755875429928,49.71709215201417,3.1749935701868317,342.9995140053261,-119.8084238992823,-67.54962158203125,4761.76025390625,True
1599384629.4616835,0.0,10,0.5,0.5,0.07318658752441405,-0.001,-0.001,-0.2505,-1.1137389832709168,10,1,100,-1.3706310064967204,-10,-1,-100,18812.274456603685,0.12040109984402089,-0.004750739295630091,0.9927139596240677,49.1423425299963,3.138997856723486,340.6734142794414,-120.3548059562678,-68.027099609375,4761.76025390625,True
1599384629.520525,0.0,10,0.5,0.5,0.11292026062011719,-0.001,-0.001,-0.2505,-1.9952598084465039,10,1,100,-1.1791191528257023,-10,-1,-100,18800.184352526907,0.11917142434382434,-0.02282274971404354,0.9926113507890962,53.11935887084263,3.3939682825564277,371.2002873594971,-121.26510626881404,-68.65921020507812,4761.76025390625,True
1599384629.5544345,0.0,10,0.5,0.5,-0.023220306396484376,-0.001,-0.001,-0.2505,-0.5832216772253722,10,1,100,-1.2394015497596094,-10,-1,-100,18797.75541064341,0.11858357794117906,-0.026332537286092743,0.9925948481242207,54.00468955804452,3.4506464134831463,377.98880790913637,-121.44708802212907,-68.745849609375,4761.76025390625,True
1599384629.6247551,0.0,10,0.5,0.5,0.00887165222167969,-0.001,-0.001,-0.2505,-1.3670438279181234,10,1,100,-1.027025344526213,-10,-1,-100,18790.446752655902,0.11610103237697095,-0.03656311593559879,0.9925641988476521,56.6673238053726,3.6209025718306096,398.52085101848326,-121.99287281081348,-68.95806884765625,4761.76025390625,True
1599384629.6616576,0.0,10,0.5,0.5,-0.017484072875976562,-0.001,-0.001,-0.2505,-1.085782514184923,10,1,100,-1.0322108046079543,-10,-1,-100,18785.556125482544,0.11388224902475859,-0.04322273187915635,0.9925535898912287,58.44788444003865,3.7345430711896883,412.3477523219311,-122.35659498066258,-69.06314086914062,4761.76025390625,True
1599384629.714514,0.0,10,0.5,0.5,-0.007411639404296871,-0.001,-0.001,-0.2505,-1.4858435916751807,10,1,100,-0.7893628912327142,-10,-1,-100,18778.1929133588,0.10965181593689338,-0.05282680376349034,0.9925652664010943,61.15298099014275,3.9067816680533802,433.48237669552833,-122.90197515637003,-69.20635986328125,4761.76025390625,True
1599384629.757401,0.0,10,0.5,0.5,-0.020820684814453122,-0.001,-0.001,-0.2505,-1.2169162970953473,10,1,100,-0.8380306087452707,-10,-1,-100,18773.265930461814,0.10624793054749976,-0.059020271245441534,0.9925865125199357,62.971208492692966,4.02222603566108,447.78025821075187,-123.26542559458024,-69.29421997070312,4761.76025390625,True
1599384629.8222275,0.0,10,0.5,0.5,-0.010317211914062506,-0.001,-0.001,-0.2505,-1.588829381441005,10,1,100,-0.5230580760455661,-10,-1,-100,18765.84820469306,0.10029505815170615,-0.06793937534059445,0.9926354530182144,65.70933748737525,4.195498054093687,469.46036022326405,-123.81039678528967,-69.422119140625,4761.76025390625,True
1599384629.8870628,0.0,10,0.5,0.5,-0.010602197265625009,-0.001,-0.001,-0.2505,-1.6359168596417861,10,1,100,-0.3516316115293996,-10,-1,-100,18758.397790372837,0.0933374414837046,-0.07638166989510425,0.9927003387333517,68.4456934496691,4.367854939966765,491.3173608982389,-124.35512510464459,-69.54708862304688,4761.76025390625,True
1599384629.9219673,0.0,10,0.5,0.5,-0.010989376831054685,-0.001,-0.001,-0.2505,-1.6708743627855447,10,1,100,-0.18755073586841586,-10,-1,-100,18750.914701914066,0.08554132860140788,-0.08427903860719846,0.9927636802142554,71.16856285506833,4.538442387822072,513.2685687495273,-124.89961445306885,-69.6688232421875,4761.76025390625,True
1599384630.0187118,0.0,10,0.5,0.5,-0.021953573608398436,-0.001,-0.001,-0.2505,-1.4341789461664427,10,1,100,-0.34532205733108223,-10,-1,-100,18745.907830983517,0.07991939656042431,-0.08922426275990958,0.9928000407878559,72.96094294836976,4.650155855710979,527.8442710689716,-125.26247786689291,-69.74563598632812,4761.76025390625,True
1599384630.0842247,0.0,10,0.5,0.5,0.0026867858886718762,-0.001,-0.001,-0.2505,-2.1682945920222148,10,1,100,0.7643122479765992,-10,-1,-100,18733.327174412552,0.06475776620517268,-0.10031690556700464,0.9928458844017921,77.2967367848475,4.918095774897745,563.6005772897604,-126.16920328165155,-69.91943359375,4761.76025390625,True
1599384630.117139,0.0,10,0.5,0.5,-0.024467480468750004,-0.001,-0.001,-0.2505,-1.500106657613176,10,1,100,-0.027736871400594332,-10,-1,-100,18728.26953019458,0.05822437938395355,-0.10425624130077892,0.9928446795925269,78.95845906380602,5.019771796698594,577.5197924369029,-126.53172897240461,-69.98406982421875,4761.76025390625,True
1599384630.1537619,0.0,10,0.5,0.5,-0.017110412597656253,-0.001,-0.001,-0.2505,-1.6915918053768186,10,1,100,0.42409766301562923,-10,-1,-100,18720.655880441307,0.04823222214138615,-0.1095073899438662,0.9928150806142026,81.38293711203566,5.166980949393265,598.0529446445926,-127.07535232844829,-70.07720947265625,4761.76025390625,True
1599384630.2185867,0.0,10,0.5,0.5,-0.025186868286132813,-0.001,-0.001,-0.2505,-1.5196733128997775,10,1,100,0.2010248596000513,-10,-1,-100,18715.56199658627,0.04123807632486248,-0.11265195307505585,0.9927784035369627,82.92709928377828,5.2598781840105735,611.3117864277478,-127.4376636704202,-70.13742065429688,4761.76025390625,True
1599384630.2554913,0.0,10,0.5,0.5,-0.01860278625488281,-0.001,-0.001,-0.2505,-1.6454834331679926,10,1,100,0.6509949462160398,-10,-1,-100,18707.894002886373,0.030855164952150068,-0.11659125772294303,0.9927005779278856,85.12377825639277,5.390663637779759,630.4634635027478,-127.98098561887348,-70.22314453125,4761.76025390625,True
1599384630.3163252,0.0,10,0.5,0.5,-0.032829354858398434,-0.001,-0.001,-0.2505,-1.3846686167607056,10,1,100,0.011001053241895709,-10,-1,-100,18705.330761651043,0.027305914232162585,-0.11774343229553835,0.9926685605977514,85.81721962665756,5.431546324977216,636.5979567931382,-128.1620568336374,-70.25155639648438,4761.76025390625,True
1599384630.349238,0.0,10,0.5,0.5,-0.018475442504882814,-0.001,-0.001,-0.2505,-1.588301665148955,10,1,100,0.8279787790878237,-10,-1,-100,18697.61931298033,0.016724017902952196,-0.12058868856410901,0.9925616733561549,87.79336351752887,5.54686374733922,654.3359158390731,-128.70517033159118,-70.3365478515625,4761.76025390625,True
1599384630.3831472,0.0,10,0.5,0.5,-0.02528341369628906,-0.001,-0.001,-0.2505,-1.4675879301408985,10,1,100,0.5633116710099804,-10,-1,-100,18692.460245937342,0.009586150440967469,-0.1220300245688968,0.9924801150770919,89.0113966908221,5.616867343175135,665.5075286451723,-129.0671690740427,-70.39376831054688,4761.76025390625,True
1599384630.4220438,0.0,10,0.5,0.5,-0.03199545288085938,-0.001,-0.001,-0.2505,-1.3940449113712332,10,1,100,0.25780527826141036,-10,-1,-100,18689.875282891793,0.005950648401461751,-0.12263025862563985,0.9924345869894957,89.59254077223687,5.649941510691984,670.9099675034932,-129.24814707023683,-70.42373657226562,4761.76025390625,True
1599384630.483878,0.0,10,0.5,0.5,-0.024713708496093757,-0.001,-0.001,-0.2505,-1.4229052200500458,10,1,100,0.664197243232225,-10,-1,-100,18684.694499145262,-0.0009764706976418097,-0.12340342764701506,0.9923561057150524,90.70237041708329,5.712457839970176,681.3700366093992,-129.61006352350887,-70.48223876953125,4761.76025390625,True
1599384630.5207782,0.0,10,0.5,0.5,-0.0075503417968750056,-0.001,-0.001,-0.2505,-1.40948071223782,10,1,100,1.5525892441687894,-10,-1,-100,18674.289508077898,-0.015276600916924662,-0.12395319562734765,0.9921704645665448,92.6543396994324,5.819448339037457,700.4583035842425,-130.3337567930456,-70.60845947265625,4761.76025390625,True
1599384630.559673,0.0,10,0.5,0.5,-0.021822915649414066,-0.001,-0.001,-0.2505,-1.3193740549922937,10,1,100,0.9084304666233092,-10,-1,-100,18669.06530388363,-0.022347971895748258,-0.123612345734454,0.9920789062036208,93.51953801438317,5.865445804382311,709.2498527396654,-130.69554320635785,-70.67715454101562,4761.76025390625,True
1599384630.6175184,0.0,10,0.5,0.5,-0.021209051513671875,-0.001,-0.001,-0.2505,-1.2704472256905388,10,1,100,0.9750925869767932,-10,-1,-100,18663.826629398973,-0.02930926265127438,-0.12284009637959502,0.9919935876024051,94.30181786551151,5.905920708448092,717.4644831027219,-131.05729609102582,-70.74774169921875,4761.76025390625,True
1599384630.6524258,0.0,10,0.5,0.5,-0.030074386596679693,-0.001,-0.001,-0.2505,-1.2886698697314878,10,1,100,0.6649716873944642,-10,-1,-100,18661.201866054907,-0.032747935628465445,-0.12229159126969937,0.991953799033402,94.65523495204948,5.923685080777323,721.3031901838232,-131.23816159042065,-70.78253173828125,4761.76025390625,True
1599384630.6863353,0.0,10,0.5,0.5,-0.021002810668945316,-0.001,-0.001,-0.2505,-1.1898066094372073,10,1,100,1.0799452574971875,-10,-1,-100,18655.94148778997,-0.0395792289614336,-0.12088543004148745,0.991877108032292,95.2790808473836,5.953827236939367,728.3812790636338,-131.59987432092586,-70.85299682617188,4761.76025390625,True
1599384630.71825,0.0,10,0.5,0.5,-0.011106542968749997,-0.001,-0.001,-0.2505,-1.0061909123920114,10,1,100,1.4984447026839214,-10,-1,-100,18648.02379348746,-0.04953000477136261,-0.11793396424968526,0.9917854398526441,96.00819958117256,5.985723429291757,737.4914234014379,-132.14240868788664,-70.9622802734375,4761.76025390625,True
1599384630.7860677,0.0,10,0.5,0.5,-0.018939065551757815,-0.001,-0.001,-0.2505,-1.0232330362526598,10,1,100,1.2188567121984601,-10,-1,-100,18642.727246676455,-0.055964604758699764,-0.11540556871773085,0.9917406504339427,96.45932234066949,6.0045813594776725,743.3406858424538,-132.50408010848471,-71.03970336914062,4761.76025390625,True
1599384630.8289526,0.0,10,0.5,0.5,-0.008514273071289064,-0.001,-0.001,-0.2505,-0.7639750698687409,10,1,100,1.6060658549678468,-10,-1,-100,18634.75530233176,-0.06526824366085374,-0.11075484864868791,0.9917022838887858,97.0699331543047,6.0284719227310175,751.6676777988212,-133.04655657281717,-71.15798950195312,4761.76025390625,True
1599384630.8688476,0.0,10,0.5,0.5,-0.01810540771484375,-0.001,-0.001,-0.2505,-0.8246359862349577,10,1,100,1.3415330459182135,-10,-1,-100,18629.42259080836,-0.07125320404044994,-0.10708863434917831,0.9916929995251546,97.3445181222856,6.036023099377369,756.2300160301676,-133.40819486674312,-71.23736572265625,4761.76025390625,True
1599384630.9256952,0.0,10,0.5,0.5,-0.01740740661621094,-0.001,-0.001,-0.2505,-0.7414666367471443,10,1,100,1.3854540017771781,-10,-1,-100,18624.075413628365,-0.07702317320930806,-0.10301375601271352,0.9916932977795717,97.51195594643323,6.036852754655815,759.9826181532833,-133.76982938102066,-71.31887817382812,4761.76025390625,True
1599384630.9885294,0.0,10,0.5,0.5,-0.006389538574218749,-0.001,-0.001,-0.2505,-0.3876880410406628,10,1,100,1.7243340685219783,-10,-1,-100,18616.027525604586,-0.08528019424003029,-0.09611168817462688,0.9917105585132217,97.5762194437983,6.026442246057411,764.1846061950064,-134.31228475847448,-71.44354248046875,4761.76025390625,True
1599384631.0543504,4.5015998715062185e-06,10,0.5,0.5,-0.004400726318359374,-0.001,-0.001,-0.2505,-0.21951004168192645,10,1,100,1.7581874722371003,-10,-1,-100,18607.94708932808,-0.0930306955805306,-0.08833350060715299,0.9917371034454084,97.42007989900578,6.002367077273456,766.6807505739928,-134.85475873814033,-71.57528686523438,4761.76025390625,True
1599384631.1231666,0.0,10,0.5,0.5,0.009705215454101565,-0.001,-0.001,-0.2505,0.2668458493510293,10,1,100,2.029101794885433,-10,-1,-100,18597.122541126562,-0.10247520634716593,-0.07687307548653831,0.9917607384593053,96.89077427200826,5.9504618815121635,767.4808028147396,-135.5781126611722,-71.76223754882812,4761.76025390625,True
1599384631.190504,1.2004168442894838e-05,10,0.5,0.5,-0.0006134704589843762,-0.001,-0.001,-0.2505,0.14059385299689042,10,1,100,1.790400369596739,-10,-1,-100,18588.966152453097,-0.10882459777448639,-0.06764404081728355,0.9917567699094022,97.06387058090574,5.9464064880218075,772.6057040513731,-136.12064611131862,-71.90701293945312,4761.76025390625,True
1599384631.2852511,0.0,10,0.5,0.5,0.01263014221191406,-0.001,-0.001,-0.2505,0.620972407098984,10,1,100,1.9698012725839944,-10,-1,-100,18578.04034488974,-0.11615852849725637,-0.05493661112653511,0.9917102223004884,100.34667902378048,6.127116133463177,803.9389044423924,-136.84370246489712,-72.10342407226562,4761.76025390625,True
1599384631.4188929,5.862550035135337e-07,10,0.5,0.5,0.012836468505859372,-0.001,-0.001,-0.2505,0.7954818795286007,10,1,100,1.9054187118572883,-10,-1,-100,18567.05671693047,-0.1221708246935901,-0.04185790603914452,0.9916260410536354,103.481599757823,6.297895312298336,834.4502848178919,-137.56626552459832,-72.29937744140625,4761.76025390625,True
1599384631.5176284,0.0,10,0.5,0.5,0.05046746215820312,-0.001,-0.001,-0.2505,1.9703575065989534,10,1,100,2.0743011399536733,-10,-1,-100,18547.69634920347,-0.12910580620029496,-0.019356646675613997,0.9914418848499631,108.31804143740585,6.557541716169004,883.3999157467211,-138.82971858402001,-72.64364624023438,4761.76025390625,True
1599384631.6173725,1.1112274605583636e-07,10,0.5,0.5,3.9691162109375955e-05,-0.001,-0.001,-0.2505,0.7402078816506843,10,1,100,1.5516459851694937,-10,-1,-100,18539.344920892734,-0.1305924323434054,-0.010171451955608798,0.9913839610260738,110.06366096273669,6.65004019142451,901.9905806249747,-139.37081897094492,-72.785400390625,4761.76025390625,True
1599384631.7500157,0.0,10,0.5,0.5,0.03588790283203125,-0.001,-0.001,-0.2505,2.0042814841331222,10,1,100,1.3925528504468787,-10,-1,-100,18519.73205180373,-0.13043822380449788,0.00957886381542438,0.9914101649361546,113.24177519599347,6.81662022789159,938.5220605453355,-140.63259190192449,-73.0684814453125,4761.76025390625,True
1599384631.9694295,0.0,10,0.5,0.5,0.00028079223632812567,-0.001,-0.001,-0.2505,1.4249242120625187,10,1,100,1.0596501362912198,-10,-1,-100,18505.61474777374,-0.127217841349745,0.022160750681026693,0.9916272091726631,114.69225077209329,6.891659991992806,958.142851977386,-141.53327638792268,-73.2081298828125,4761.76025390625,True
1599384632.166902,1.7717099201972005e-05,10,0.5,0.5,0.027979025268554683,-0.001,-0.001,-0.2505,3.0827054964371734,10,1,100,-0.8705671933344756,-10,-1,-100,18468.488427686156,-0.1066971591505175,0.04855577359253135,0.9931052578050525,115.15595912239891,6.914320913570499,981.7961968031407,-143.87348811148976,-73.45660400390625,4761.76025390625,True
1599384632.392298,6.961887442620364e-08,10,0.5,0.5,-0.016486294555664062,-0.001,-0.001,-0.2505,1.8004107815760342,10,1,100,-1.5309090349346701,-10,-1,-100,18442.429239853634,-0.08201941589584483,0.060762508411736894,0.9947767251939593,112.31339962353778,6.761703734320125,970.7591388960981,-145.49308923523637,-73.5264892578125,4761.76025390625,True
1599384632.4870455,0.0,10,0.5,0.5,-0.0134582275390625,-0.001,-0.001,-0.2505,1.217668098876014,10,1,100,-2.4140698700471015,-10,-1,-100,18413.132644026657,-0.05156637923574273,0.06642633748736095,0.9964579520584553,106.88290131518688,6.468670141949668,937.5359193766546,-147.2929865846298,-73.60736083984375,4761.759765625,True
1599384632.5907683,0.0,10,0.5,0.5,-0.02165855712890625,-0.001,-0.001,-0.2505,0.4797953564774149,10,1,100,-1.1136849663614943,-10,-1,-100,18395.381859064917,-0.035749762148347644,0.06473706679523746,0.9972617844322952,103.46677314011663,6.284623916533518,915.4309655584851,-148.37344368966885,-73.65457153320312,4761.759765625,True
1599384632.7214177,0.0,10,0.5,0.5,0.0029244018554687515,-0.001,-0.001,-0.2505,0.04010401494831517,10,1,100,-1.012709852920488,-10,-1,-100,18377.501382225775,-0.02235540658711229,0.059083825690667446,0.9980026740134916,100.02254654746896,6.096408095504921,892.5005491465149,-149.45441276443293,-73.79864501953125,4761.759765625,True
1599384632.8560572,4.834671153526092e-07,10,0.5,0.5,0.005333319091796872,-0.001,-0.001,-0.2505,0.015701938220199496,10,1,100,-0.49757214797936966,-10,-1,-100,18365.508984070737,-0.014947065323554087,0.05361902359187802,0.9984495908894284,97.75872239686211,5.970478579235197,877.1926746633521,-150.17534264487617,-73.9510498046875,4761.759765625,True
1599384632.9573264,1.9319699644198177e-06,10,0.5,0.5,0.0835001495361328,-0.001,-0.001,-0.2505,-1.1251967534225153,10,1,100,-1.057443247390514,-10,-1,-100,18338.315146732843,-0.0032199485069180776,0.038192418187471114,0.999265215608252,93.31472921524374,5.718577355387499,847.7878532250618,-151.7982533543128,-74.41299438476562,4761.759765625,True
1599384633.0999465,0.0,10,0.5,0.5,0.03709790649414062,-0.001,-0.001,-0.2505,-0.6111516766147658,10,1,100,-0.34002637786238754,-10,-1,-100,18323.081200955203,0.0008046535509558943,0.028789051186387027,0.9995851854966892,91.36636613709985,5.605916790434427,835.7765813390118,-152.7002908115293,-74.68789672851562,4761.759765625,True
1599384633.1877089,1.4289870198602797e-10,10,0.5,0.5,0.023694024658203125,-0.001,-0.001,-0.2505,-0.9460767780225153,10,1,100,-0.11812246292437331,-10,-1,-100,18301.60210562288,0.0023266224805917743,0.017160343442474683,0.9998500434769052,89.56109175457324,5.500395821148317,827.0820707363567,-153.96350852928933,-74.90765380859375,4761.759765625,True
1599384633.2858338,0.0,10,0.5,0.5,-0.032545062255859375,-0.001,-0.001,-0.2505,-0.3909799359777133,10,1,100,0.13084621664971158,-10,-1,-100,18289.24892920791,0.0013261836511462663,0.011628233621482527,0.9999315103644687,89.35639273479798,5.489187150364393,829.664280792421,-154.68541655895118,-74.90219116210938,4761.759765625,True
1599384633.354162,6.349361683533064e-14,10,0.5,0.5,-0.052175384521484375,-0.001,-0.001,-0.2505,-0.4310898292310282,10,1,100,0.30133209918320614,-10,-1,-100,18273.726246481878,-0.0012500360577458653,0.006243982497422743,0.9999797248406721,89.64134544247177,5.5070984064951025,837.9417306434585,-155.58774806403895,-74.81802368164062,4761.759765625,True
1599384633.418497,6.17479661378947e-06,10,0.5,0.5,-0.04313578491210938,-0.001,-0.001,-0.2505,-0.09051152351639345,10,1,100,0.16791722679941745,-10,-1,-100,18267.49190953374,-0.0024750525196976982,0.004483840428496991,0.999986884559011,89.9139258643916,5.523665857013815,842.7574406256142,-155.94864147778065,-74.76959228515625,4761.759765625,True
1599384633.4863162,3.4226922252855735e-09,10,0.5,0.5,-0.054035400390625,-0.001,-0.001,-0.2505,-0.30020031185113083,10,1,100,0.38772461532055896,-10,-1,-100,18251.842917894595,-0.00565926589291533,0.0010286119882334578,0.9999834571966335,90.78482558909194,5.576022557863863,856.6667796186329,-156.85073295346206,-74.67752075195312,4761.759765625,True
1599384633.5501456,0.0,10,0.5,0.5,-0.03500138244628906,-0.001,-0.001,-0.2505,-0.15664647541327534,10,1,100,0.27180409755826906,-10,-1,-100,18242.410227911314,-0.007541916173767658,-0.0007480174212082247,0.9999712795727513,91.34834448893956,5.6095299240750585,865.4689978497378,-157.39186904287737,-74.66107177734375,4761.759765625,True
1599384633.6209555,1.253027342121849e-06,10,0.5,0.5,-0.02520809020996094,-0.001,-0.001,-0.2505,-0.19012091989340713,10,1,100,0.3306186347037779,-10,-1,-100,18229.78280793794,-0.0098137375358422,-0.002607916303050547,0.9999484433350221,92.08695064136158,5.652982650345347,877.168927119755,-158.11326035700446,-74.6832275390625,4761.759765625,True
1599384633.6832998,1.1285903789936172e-10,10,0.5,0.5,-0.017706286621093754,-0.001,-0.001,-0.2505,-0.14421051748821756,10,1,100,0.2747498488746577,-10,-1,-100,18220.27437339793,-0.011382533147510027,-0.003825282771956646,0.9999278999762234,92.62264629821894,5.684155935872517,885.8322712286898,-158.65421786636006,-74.73477172851562,4761.759765625,True
1599384633.7521152,2.778815177469622e-07,10,0.5,0.5,-0.019218856811523438,-0.001,-0.001,-0.2505,-0.10038187117299749,10,1,100,0.2200205034093402,-10,-1,-100,18213.917386758723,-0.012314411955865205,-0.004481315225947613,0.9999141328494299,92.96957137125021,5.704189675261739,891.539083644657,-159.01480987882871,-74.77978515625,4761.759765625,True
1599384633.815945,0.0,10,0.5,0.5,-0.010042086791992186,-0.001,-0.001,-0.2505,-0.1309261152081278,10,1,100,0.26845709242316196,-10,-1,-100,18204.354864916066,-0.01359363944226925,-0.005316589008610205,0.9998934677494533,93.47314953839043,5.733048146520355,899.9800060735827,-159.5556288424305,-74.8609619140625,4761.759765625,True
1599384633.886824,9.14536531601676e-11,10,0.5,0.5,-0.006681655883789064,-0.001,-0.001,-0.2505,-0.12429701911145291,10,1,100,0.2671653110686507,-10,-1,-100,18194.75989689387,-0.01473174069669262,-0.0059846591736109735,0.9998735718432712,93.9576789708026,5.760573377221758,908.2863497888764,-160.09637157223443,-74.95510864257812,4761.759765625,True
1599384633.9500468,2.2833092753460287e-06,10,0.5,0.5,0.015475677490234374,-0.001,-0.001,-0.2505,-0.14482041957128106,10,1,100,0.33086301304171417,-10,-1,-100,18178.69619408762,-0.016329940615762366,-0.006757531143595487,0.9998438222104135,94.72842617495444,5.803897157276926,921.8783703516698,-160.99743244566784,-75.136962890625,4761.759765625,True
1599384634.0190928,9.222655895394717e-09,10,0.5,0.5,-0.010291769409179686,-0.001,-0.001,-0.2505,-0.09099756211363791,10,1,100,0.23187132292355503,-10,-1,-100,18172.245485556545,-0.016866874155418043,-0.006954128989634581,0.9998335604720522,95.0239803146736,5.820362349380127,927.2265167637603,-161.35779596297743,-75.21554565429688,4761.759765625,True
1599384634.0829628,0.0,10,0.5,0.5,0.00047202758789062493,-0.001,-0.001,-0.2505,-0.09057243746792523,10,1,100,0.254251475492827,-10,-1,-100,18162.54239812249,-0.017544254362009612,-0.007116991251539045,0.9998207577233064,95.45356705657841,5.844152740043384,935.1508202261687,-161.8982764783281,-75.33645629882812,4761.759765625,True
1599384634.1527698,0.0,10,0.5,0.5,0.019108410644531254,-0.001,-0.001,-0.2505,-0.07024084055861023,10,1,100,0.27682429760115773,-10,-1,-100,18146.29853122565,-0.018351562749130124,-0.007069668943476571,0.9998066012613113,96.13064334973544,5.881311837950057,948.0688016477086,-162.79889810157312,-75.53076171875,4761.759765625,True
1599384634.220587,6.923245564394168e-16,10,0.5,0.5,0.011405862426757816,-0.001,-0.001,-0.2505,-0.0434257642148944,10,1,100,0.23789445473720017,-10,-1,-100,18133.238600754878,-0.018720033350607145,-0.006775513168538986,0.9998018067460447,96.63792044181707,5.908905115499575,958.1425319349315,-163.5192475262019,-75.69332885742188,4761.759765625,True
1599384634.2863777,0.0,10,0.5,0.5,0.0002126251220703132,-0.001,-0.001,-0.2505,-0.035484240085230864,10,1,100,0.21376195223121813,-10,-1,-100,18123.405838373466,-0.018825458313552926,-0.006430423612192122,0.999802106304769,96.99704270419156,5.928313447869994,965.5292459454475,-164.0594213319774,-75.81033325195312,4761.759765625,True
1599384634.3832722,1.1816541548092373e-06,10,0.5,0.5,-0.010824810791015625,-0.001,-0.001,-0.2505,-0.039324388190656506,10,1,100,0.2037441726284808,-10,-1,-100,18116.83265911322,-0.018822035991862652,-0.00614814126437235,0.9998039464415583,97.22508541184304,5.940577881580039,970.3598651141415,-164.41949578636968,-75.88253784179688,4761.759765625,True
1599384634.4498386,7.604168872345052e-07,10,0.5,0.5,0.014122271728515625,-0.001,-0.001,-0.2505,0.026602271107101012,10,1,100,0.1759950077740351,-10,-1,-100,18100.33670501015,-0.018559896470881666,-0.005290075992290747,0.9998137553259537,97.75506843704098,5.968902170943269,982.0982086926949,-165.3195385745013,-76.05319213867188,4761.759765625,True
1599384634.5266376,0.0,10,0.5,0.5,0.00642273864746094,-0.001,-0.001,-0.2505,0.03125177529717624,10,1,100,0.1539778032747378,-10,-1,-100,18087.07514645136,-0.01811575369770987,-0.004467013197064658,0.9998259174781684,98.13767791992045,5.989195966826164,991.1328220023366,-166.03942792866462,-76.19204711914062,4761.759765625,True
1599384634.6183574,2.9405185981398207e-10,10,0.5,0.5,-0.0007118377685546885,-0.001,-0.001,-0.2505,0.021423687658904463,10,1,100,0.1489093106172991,-10,-1,-100,18077.09118694428,-0.01766179932134476,-0.0038088928852175433,0.9998367632667452,98.4002352251886,6.0030487188805255,997.693891240217,-166.57926126365717,-76.30145263671875,4761.759765625,True
1599384634.6881719,0.0,10,0.5,0.5,0.006739187622070313,-0.001,-0.001,-0.2505,0.056232761803966844,10,1,100,0.11212670819025028,-10,-1,-100,18063.72886118351,-0.016912062540199075,-0.002896133533390866,0.9998527864396805,98.71669777002725,6.019657109999173,1006.1389783640487,-167.29893575767602,-76.43951416015625,4761.759765625,True
1599384634.8218205,0.0,10,0.5,0.5,0.014659649658203128,-0.001,-0.001,-0.2505,0.09183351076930207,10,1,100,0.061568818076067594,-10,-1,-100,18046.945000049658,-0.01577033726364276,-0.0017462194935092073,0.9998741156666031,99.05984343895345,6.03754930775874,1016.2148894335238,-168.19836904494915,-76.60800170898438,4761.759765625,True
1599384634.9873772,4.769147992225342e-07,10,0.5,0.5,0.03273540344238281,-0.001,-0.001,-0.2505,0.14706757451381647,10,1,100,-0.0325561294987583,-10,-1,-100,18023.296510573127,-0.013877720704176578,-0.00020344970457222765,0.9999036790992792,99.44873992353523,6.057688319058487,1029.4668549048272,-169.4572883477475,-76.84713745117188,4761.759765625,True
1599384635.155926,0.0,10,0.5,0.5,0.04244326477050782,-0.001,-0.001,-0.2505,0.16469374383912896,10,1,100,-0.1402284954116856,-10,-1,-100,17992.63237563835,-0.011181653717869649,0.0013530211505578974,0.9999365679651385,99.81749242128912,6.076743109432898,1045.261117920457,-171.07544037347017,-77.12332153320312,4761.759765625,True
1599384635.286095,4.880197479417073e-07,10,0.5,0.5,0.010819515991210938,-0.001,-0.001,-0.2505,0.0738253427704488,10,1,100,-0.09386484781660376,-10,-1,-100,17968.581151890685,-0.009158689534847058,0.001934261290875433,0.9999561875598664,100.02248810623597,6.087348689928826,1056.7599523344911,-172.3336732862707,-77.27203369140625,4761.759765625,True
1599384635.5394166,0.0,10,0.5,0.5,-0.014961807250976561,-0.001,-0.001,-0.2505,0.01109444220247597,10,1,100,-0.024896231216277848,-10,-1,-100,17951.293868842884,-0.00795531074102563,0.0018844625274012446,0.999966580357562,100.16645632472972,6.095036122273756,1064.9813781595562,-173.23224704035934,-77.3170166015625,4761.759765625,True
1599384635.6632383,1.3040861394968388e-07,10,0.5,0.5,-0.031306149291992186,-0.001,-0.001,-0.2505,-0.07130395092216832,10,1,100,-0.04685416113678749,-10,-1,-100,17923.447335835663,-0.006671594426976541,0.0010825556357101313,0.9999771586896861,100.48651733887634,6.112893696411159,1079.1637046903995,-174.6696696102754,-77.29623413085938,4761.759765625,True
1599384635.7671173,0.0,10,0.5,0.5,-0.02778546142578125,-0.001,-0.001,-0.2505,-0.05278785179195179,10,1,100,0.03670868486891891,-10,-1,-100,17909.437833121046,-0.006275287688406415,0.0005153041836291944,0.9999801774165457,100.69221374101485,6.124531171495321,1086.7877513792967,-175.3882376367745,-77.28897094726562,4761.759765625,True
1599384635.8538895,0.0,10,0.5,0.5,-0.021337130737304685,-0.001,-0.001,-0.2505,-0.060642063990944316,10,1,100,0.048542783058013066,-10,-1,-100,17895.370850073872,-0.00603375937213668,-7.705850204969838e-05,0.9999817937391792,100.92042358132107,6.137459909159695,1094.6890868114128,-176.1067051895779,-77.306884765625,4761.759765625,True
1599384635.9538076,0.0,10,0.5,0.5,-0.006617233276367186,-0.001,-0.001,-0.2505,-0.07555416518830098,10,1,100,0.05613955725078032,-10,-1,-100,17877.706301792758,-0.005894233390303507,-0.0007551254587292203,0.9999823437432694,101.26254284580807,6.156966014421186,1105.2378492146916,-177.0046395799697,-77.3828125,4761.759765625,True
1599384636.0568538,6.360828780069871e-08,10,0.5,0.5,0.015832501220703128,-0.001,-0.001,-0.2505,-0.0789610017796912,10,1,100,0.06676853284301028,-10,-1,-100,17856.390331945615,-0.005874716426685478,-0.0014052973587473229,0.9999817562567026,101.72156124486364,6.1831936793968945,1118.517325490494,-178.08192723215143,-77.54727172851562,4761.759765625,True
1599384636.1528058,4.865011184071358e-07,10,0.5,0.5,0.010458810424804683,-0.001,-0.001,-0.2505,-0.04809030182418809,10,1,100,0.07140817765076254,-10,-1,-100,17842.107874480425,-0.005909186272660939,-0.0017170753011452454,0.9999810664057621,102.05104745327122,6.202060438096302,1127.6881424641165,-178.7999711976529,-77.68927001953125,4761.759765625,True
1599384636.2196627,0.0,10,0.5,0.5,0.022206341552734373,-0.001,-0.001,-0.2505,-0.04257257842050649,10,1,100,0.07597470350704055,-10,-1,-100,17824.174032650655,-0.005991001050414778,-0.001950375167102946,0.9999801517745848,102.50100985688472,6.22794530765268,1139.645355669182,-179.69735162870282,-77.87698364257812,4761.759765625,True
1599384636.286015,3.5170389597945935e-07,10,0.5,0.5,0.0015284729003906261,-0.001,-0.001,-0.2505,-0.025729835334530094,10,1,100,0.07386322027946936,-10,-1,-100,17813.37065793539,-0.006053352564171041,-0.002007761994044224,0.9999796627004517,102.79622729920496,6.245015428973749,1147.1413850675076,-180.23568174395842,-77.9813232421875,4761.759765625,True
1599384636.3558292,2.1791354943183008e-07,10,0.5,0.5,0.015257614135742188,-0.001,-0.001,-0.2505,-0.01865439531429123,10,1,100,0.07897039913064327,-10,-1,-100,17795.293265294167,-0.00616112674909986,-0.001992554397311758,0.99997903490231,103.32176283113238,6.275529460965263,1160.082589451547,-181.13272513149906,-78.13949584960938,4761.759765625,True
1599384636.4924648,2.9476776998552516e-07,10,0.5,0.5,-0.0024420166015624994,-0.001,-0.001,-0.2505,-0.01447544035941897,10,1,100,0.07468506759194965,-10,-1,-100,17784.40377653914,-0.006222870778488614,-0.0019371689773395979,0.9999787614022748,103.65185094831844,6.294758206280223,1168.0589836267234,-181.67084419791667,-78.226318359375,4761.759765625,True
1599384636.6380737,4.71312660010881e-12,10,0.5,0.5,0.02377759094238281,-0.001,-0.001,-0.2505,0.0053723638885988835,10,1,100,0.08096071714317536,-10,-1,-100,17758.86942940543,-0.006337628019273658,-0.0017029098010149803,0.9999784670528155,104.4420995844864,6.34093503270863,1187.0355523497897,-182.9261340721653,-78.41668701171875,4761.759765625,True
1599384636.7971673,1.4499218233939245e-07,10,0.5,0.5,0.020242419433593745,-0.001,-0.001,-0.2505,0.019555318924059952,10,1,100,0.0774215860107826,-10,-1,-100,17733.159378817072,-0.0064100824700634934,-0.0013584787172732046,0.9999785324587231,105.25504881357169,6.38864681977056,1206.468711744947,-184.1809617532658,-78.591796875,4761.759765625,True
1599384636.9298146,8.488202574616439e-09,10,0.5,0.5,0.02286571350097656,-0.001,-0.001,-0.2505,0.036164876236880396,10,1,100,0.07178579550430038,-10,-1,-100,17703.56140036357,-0.006424593152739272,-0.0008926601356633113,0.9999789636590882,106.1942562049672,6.444033824520172,1229.0420760922138,-185.6144730630702,-78.776123046875,4761.759765625,True
1599384637.128063,0.0,10,0.5,0.5,-0.004564129638671876,-0.001,-0.001,-0.2505,0.0213286416925538,10,1,100,0.06616072454234355,-10,-1,-100,17684.9462132568,-0.0063862923702625515,-0.0006033221012994559,0.9999794254244451,106.7867960965696,6.479123316661786,1243.3500055659545,-186.51009808061553,-78.85006713867188,4761.759765625,True
1599384637.3454812,3.9232265891392154e-08,10,0.5,0.5,-0.0078203125,-0.001,-0.001,-0.2505,0.04594955897266058,10,1,100,0.04776373044679351,-10,-1,-100,17643.67762947909,-0.006183780749887843,-0.00011659900692900735,0.999980873447242,108.07307471079982,6.55558371059411,1274.9924355190503,-188.47959607918804,-78.91018676757812,4761.759765625,True
1599384637.5728717,0.0,10,0.5,0.5,-0.015283721923828125,-0.001,-0.001,-0.2505,0.025311234655292655,10,1,100,0.03535568744464195,-10,-1,-100,17601.97590081324,-0.005886597918324727,0.00013708385929367541,0.9999826644362209,109.30371761642373,6.6289611670433635,1306.4743314950852,-190.44788897413497,-78.93984985351562,4761.759765625,True
1599384637.7693448,1.2547434309568783e-09,10,0.5,0.5,0.011956677246093755,-0.001,-0.001,-0.2505,-0.00836600092758537,10,1,100,0.03412332188191196,-10,-1,-100,17559.84129049664,-0.005605248919382837,5.986236041500593e-05,0.999984288677102,110.44307510588884,6.69704881214426,1337.3434323786703,-192.41499819262737,-79.07720947265625,4761.759765625,True
1599384637.95884,6.19593811256489e-10,10,0.5,0.5,0.04220862731933593,-0.001,-0.001,-0.2505,-0.04504690309489784,10,1,100,0.05147616978897125,-10,-1,-100,17521.16167347296,-0.005507580948709869,-0.0003456292378389142,0.9999847734303374,111.40565305929867,6.75464405841924,1364.9204478793554,-194.20228565232006,-79.33383178710938,4761.759765625,True
1599384638.1672843,0.03804675644957042,10,0.5,0.5,0.04974608459472657,-0.001,-0.001,-0.2505,-0.053187998318341825,10,1,100,0.07774996288705455,-10,-1,-100,17486.04447498126,-0.005658140705003802,-0.0007897789498794281,0.9999836807133268,112.30359436129027,6.808466219461062,1390.4574732529732,-195.81003871333692,-79.61886596679688,4761.759765625,True
1599384638.3952024,0.08510752245116011,10,0.5,0.5,0.023246881103515624,-0.001,-0.001,-0.2505,-0.03976112024083463,10,1,100,0.10446176057015431,-10,-1,-100,17450.63796115527,-0.006038304995157462,-0.0010725823196184048,0.9999811940431447,113.35694962365822,6.8717276820464255,1418.2653326159063,-197.41697410572442,-79.79681396484375,4761.759765625,True
1599384638.605639,0.1325284918478121,10,0.5,0.5,-0.04765138244628907,-0.001,-0.001,-0.2505,0.005212274404524042,10,1,100,0.13467111132079052,-10,-1,-100,17407.004956106073,-0.006658707143742329,-0.0009216132377485057,0.9999774058688596,114.87927058245967,6.96489121174566,1453.0280307245168,-199.03666255261717,-79.6915283203125,4761.21875,True
1599384638.7627316,0.16533092778091704,10,0.5,0.5,-0.12198623962402344,-0.001,-0.001,-0.2505,0.0725063253807952,10,1,100,0.13140157318870974,-10,-1,-100,17363.074213832733,-0.007192694132960138,-0.00017331478768546575,0.9999741172215879,116.52005468785464,7.064525333634242,1485.7784759625408,-200.15423959130666,-79.29058837890625,4759.8896484375,True
1599384638.893892,0.17611271153683297,10,0.5,0.5,-0.07671143493652344,-0.001,-0.001,-0.2505,0.0627205892102763,10,1,100,0.09271109906406277,-10,-1,-100,17339.026138276793,-0.00732569380233145,0.00041691787088568284,0.9999730798325541,117.3794129040534,7.113247075881235,1501.3711299576455,-200.5216108686526,-79.07098388671875,4758.78369140625,True
1599384639.0256202,0.18229831460575238,10,0.5,0.5,-0.005115679931640627,-0.001,-0.001,-0.2505,0.09429208202968595,10,1,100,0.05995129034479524,-10,-1,-100,17302.90520234208,-0.007147966967357854,0.0012393160606663156,0.9999736849857277,118.25078660666045,7.151875987754307,1516.7308538377667,-200.73186197936258,-79.13681030273438,4756.58984375,True
1599384639.160771,0.1829263033273844,10,0.5,0.5,0.05928907775878906,-0.001,-0.001,-0.2505,0.046365605776307176,10,1,100,0.04878036460044034,-10,-1,-100,17282.830428600428,-0.006884150815526726,0.0015495804143798421,0.999975103324122,118.47970125241237,7.153573925799113,1521.2237157810941,-200.75017915833547,-79.45834350585938,4755.21630859375,True
1599384639.3243353,0.18265380812349427,10,0.5,0.5,0.11722920837402344,-0.001,-0.001,-0.2505,0.035082881496857274,10,1,100,0.0315319604737783,-10,-1,-100,17258.740476020495,-0.006486877576287284,0.0017275539884686773,0.9999774677344121,118.59242111108905,7.143625854060648,1524.314554665774,-200.74021637283397,-80.00875854492188,4753.5185546875,True
1599384639.4918861,0.18120134345407093,10,0.5,0.5,0.19678727111816408,-0.001,-0.001,-0.2505,-0.002018583869944874,10,1,100,2.7814626072916737e-05,-10,-1,-100,17218.59798304562,-0.005838773051401412,0.0015506162160065307,0.9999817519928075,118.6162415490229,7.117279469020655,1527.1635359570712,-200.6873878555772,-80.87289428710938,4750.63330078125,True
1599384639.625529,0.18019440768528705,10,0.5,0.5,0.058135189819335936,-0.001,-0.001,-0.2505,-0.024498326877450224,10,1,100,0.02814398446326686,-10,-1,-100,17190.504692965304,-0.005504976368996002,0.0011840471647403565,0.9999841465080775,118.70394303812293,7.106544573973085,1530.1377071694428,-200.6498694485877,-81.18157958984375,4748.61376953125,True
1599384639.7616653,0.17925744552687417,10,0.5,0.5,-0.05821815185546875,-0.001,-0.001,-0.2505,-0.041303109711386427,10,1,100,0.04738996022349311,-10,-1,-100,17162.416334656184,-0.005376490623338335,0.0006966412047329787,0.999985303911817,118.99288503956599,7.1122068443103315,1535.799090271461,-200.618201453598,-81.02566528320312,4746.60400390625,True
1599384639.9252298,0.1786026214911081,10,0.5,0.5,-0.19497423095703123,-0.001,-0.001,-0.2505,-0.046260864961415724,10,1,100,0.07580442904085392,-10,-1,-100,17134.33173217019,-0.005518254798427069,0.00020712308413090312,0.9999847528657664,119.6216833722155,7.1425833511608605,1545.9371266699754,-200.59432104500684,-80.3260498046875,4744.60791015625,True
1599384640.0947142,0.17807848825025901,10,0.5,0.5,-0.2546890380859375,-0.001,-0.001,-0.2505,-0.04599147230493586,10,1,100,0.11365076260098785,-10,-1,-100,17098.2268956271,-0.005991661671960526,-0.0002366077335427571,0.9999820218419876,120.65229344774426,7.199704862390356,1561.929794306157,-200.57304250394338,-79.39157104492188,4742.0576171875,True
1599384640.2293508,0.17771521510331179,10,0.5,0.5,-0.09248705444335938,-0.001,-0.001,-0.2505,-0.014732334245265533,10,1,100,0.12090312096750995,-10,-1,-100,17070.147660885123,-0.006488568492570035,-0.00035644813588926863,0.9999788854889106,121.42297209151198,7.244101858737029,1573.9901540520452,-200.56040310840453,-79.10586547851562,4740.08154296875,True
1599384640.3924289,0.1774299531999771,10,0.5,0.5,0.17856443481445314,-0.001,-0.001,-0.2505,0.018875728153043992,10,1,100,0.13878394991830895,-10,-1,-100,17034.048006085446,-0.007103495070531753,-0.00015969963135764362,0.9999747571083034,122.05981273878359,7.279533863143626,1584.9093096065847,-200.54803113445968,-79.89910888671875,4737.548828125,True
1599384640.5968823,0.17732562042217542,10,0.5,0.5,0.27512684631347656,-0.001,-0.001,-0.2505,0.03305806090989685,10,1,100,0.10829955233524784,-10,-1,-100,17009.982601305586,-0.007385590344043486,0.00014861714100817178,0.9999727151118751,122.19641278956006,7.284187027842904,1588.4538969330633,-200.542168881981,-81.07281494140625,4735.8642578125,True
1599384640.8259215,0.17710367120936518,10,0.5,0.5,0.5221686981201171,-0.001,-0.001,-0.2505,0.08330892621873164,10,1,100,0.08643835838660091,-10,-1,-100,16961.85362151335,-0.007443086444633102,0.0008867227086207367,0.999971906698891,122.30005700634152,7.27700690447834,1593.3576069297214,-200.53277002616124,-83.22335815429688,4732.5009765625,True
1599384640.9944701,0.1769748857680887,10,0.5,0.5,-0.02026441650390625,-0.001,-0.001,-0.2505,0.06341888252438797,10,1,100,0.025487063159959286,-10,-1,-100,16917.737248286954,-0.0069407448198095505,0.0013775117889615433,0.999974963947907,122.94986457395237,7.295558317162896,1605.1796612049254,-200.5246499007212,-83.20706176757812,4729.42138671875,True
1599384641.1729932,0.17697073529990437,10,0.5,0.5,-0.40997469177246093,-0.001,-0.001,-0.2505,0.021283982145553656,10,1,100,0.021266899310697293,-10,-1,-100,16889.664123851457,-0.006445292882937102,0.0014409573514633349,0.9999781906829591,123.87124678620464,7.33389642533225,1619.4304337970452,-200.51976311672342,-81.6400146484375,4727.462890625,True
1599384641.3255851,0.17673535970063056,10,0.5,0.5,-1.0634247436523439,-0.001,-0.001,-0.2505,-0.03301809311597458,10,1,100,-0.0046318217350928975,-10,-1,-100,16849.56081229786,-0.005758887730971751,0.0010050795957824734,0.9999829123675604,125.85767515894293,7.426509471601867,1648.7253293979302,-200.5128098908781,-77.48068237304688,4724.66845703125,True
1599384641.434301,0.17661179380103934,10,0.5,0.5,-0.6085107604980469,-0.001,-0.001,-0.2505,-0.05312315124365777,10,1,100,0.03360881607696794,-10,-1,-100,16821.489400217193,-0.005482294380783825,0.00042621653270180475,0.999984881279607,127.03082929051428,7.481221499292703,1666.4848735303513,-200.50695511318187,-75.14816284179688,4722.71240234375,True
1599384641.5629537,0.17655527259982895,10,0.5,0.5,-0.16535777282714845,-0.001,-0.001,-0.2505,-0.04534699277741985,10,1,100,0.05700319218829891,-10,-1,-100,16801.438898799475,-0.005443425841845587,-2.9084425249339124e-05,0.9999851840248436,127.53453782773484,7.5036860343070035,1674.8247984122459,-200.50298983691553,-74.58929443359375,4721.31640625,True
1599384641.8254814,0.17646037615293264,10,0.5,0.5,0.33142872009277347,-0.001,-0.001,-0.2505,-0.052330264861868855,10,1,100,0.0786711666853577,-10,-1,-100,16777.378774853074,-0.005605140419108252,-0.0005062639446004789,0.9999841629234438,127.4845773774728,7.496323582212544,1676.2596596885126,-200.498813237786,-76.01022338867188,4719.642578125,True
1599384642.0803168,0.17632445642418218,10,0.5,0.5,1.860730142211914,-0.001,-0.001,-0.2505,-0.06157815539423546,10,1,100,0.16834579860530888,-10,-1,-100,16721.240270505077,-0.0065677289806673695,-0.0010238900977493407,0.9999779080485249,125.60442263201432,7.392340926630529,1656.3343089516227,-200.49021661975416,-83.507568359375,4715.73974609375,True
1599384642.3495936,0.17622821814993112,10,0.5,0.5,1.3540090728759766,-0.001,-0.001,-0.2505,0.013366430144453918,10,1,100,0.1818304511028233,-10,-1,-100,16677.132988242432,-0.007565325277072973,-0.0008125381484767116,0.9999710523986229,126.03128057463222,7.435963972245736,1665.652187918108,-200.4842620072252,-88.95855712890625,4712.67529296875,True
1599384642.7245922,0.17606819257596154,10,0.5,0.5,-0.7022056945800781,-0.001,-0.001,-0.2505,0.1279142268348365,10,1,100,0.1375441547118813,-10,-1,-100,16616.988986910088,-0.008069208460972649,0.000421537083062901,0.999967354557788,126.50095963129581,7.48161514225449,1676.7360422832235,-200.47504081008591,-86.20846557617188,4708.4990234375,True
1599384643.132399,0.1758908171658853,10,0.5,0.5,-3.9369862731933596,-0.001,-0.001,-0.2505,0.1758846055456655,10,1,100,-0.030069398677307735,-10,-1,-100,16564.866690231138,-0.007002903035418881,0.0019792699000682175,0.9999735205692896,133.76160387955224,7.878459017384958,1777.4426650231142,-200.46423782975674,-70.60531616210938,4704.8818359375,True
1599384643.4703841,0.17548873368342283,10,0.5,0.5,-5.039458099365234,-0.001,-0.001,-0.2505,0.16503211087927538,10,1,100,-0.24089010022872762,-10,-1,-100,16508.738915244,-0.004117382801183652,0.0032957383756590975,0.9999860925370051,138.10698874548532,8.063723091513957,1840.270718875506,-200.44763745468904,-50.685638427734375,4700.98974609375,True
1599384643.7175577,0.17507429401654165,10,0.5,0.5,-1.9045810760498048,-0.001,-0.001,-0.2505,0.0075674273773719755,10,1,100,-0.3974283969973469,-10,-1,-100,16452.615935791633,-7.36738558174732e-05,0.003059286933827414,0.9999953176568477,137.34353566352095,7.962482654628518,1835.9789242060056,-200.43068080967103,-43.32281494140625,4697.1015625,True
1599384643.8990731,0.1748806216718552,10,0.5,0.5,1.5249651184082031,-0.001,-0.001,-0.2505,-0.3428636257664086,10,1,100,-0.34467618588192944,-10,-1,-100,16400.505395665765,0.0031170672488960577,-0.0003428769778560896,0.9999950831514842,136.2677136784059,7.8810639372308735,1828.0442515751693,-200.41924288574862,-49.640869140625,4693.5,True
1599384644.065628,0.174822657873657,10,0.5,0.5,2.8820616302490234,-0.001,-0.001,-0.2505,-0.5203897203081925,10,1,100,-0.02320600662088649,-10,-1,-100,16364.43027770787,0.0030872157553717247,-0.005048401432881275,0.9999824912176474,134.59705334173645,7.8156704845199405,1810.4571810670489,-200.41481864572046,-61.34088134765625,4691.01171875,True
1599384644.2341764,0.17482513365259703,10,0.5,0.5,2.653882653808594,-0.001,-0.001,-0.2505,-0.5298642617763187,10,1,100,0.2938187302412988,-10,-1,-100,16332.364019935485,0.0001702445078423234,-0.009407306207191152,0.9999557358237072,131.9539241035937,7.739536250175713,1779.103667604713,-200.41284669660516,-72.09259033203125,4688.802734375,True
1599384644.433641,0.17485141298293264,10,0.5,0.5,1.3467804290771486,-0.001,-0.001,-0.2505,-0.3466911503126454,10,1,100,0.48063051078134417,-10,-1,-100,16304.30621323525,-0.00418493978604817,-0.011696211150728608,0.9999228394849798,130.99248084890024,7.788977265197632,1769.451189388009,-200.41202581594854,-77.60531616210938,4686.8701171875,True
1599384644.637099,0.1748752042438665,10,0.5,0.5,0.28407655029296874,-0.001,-0.001,-0.2505,-0.0052394846228883685,10,1,100,0.8697871777740487,-10,-1,-100,16260.21570166503,-0.011683277208275987,-0.010662755095668388,0.9998748955181566,134.10602247054874,8.16432526867513,1815.727989592439,-200.4094425983954,-78.87002563476562,4683.833984375,True
1599384644.7966704,0.17481241267933442,10,0.5,0.5,-1.4443001220703124,-0.001,-0.001,-0.2505,0.4401213861987924,10,1,100,0.6500975821674339,-10,-1,-100,16224.142397116055,-0.016498118951852405,-0.005665751797236617,0.9998478440881006,140.8622611088891,8.681759138417844,1909.7519194897613,-200.4038300481722,-73.25927734375,4681.349609375,True
1599384644.9352999,0.17456070593638665,10,0.5,0.5,-2.6176232391357424,-0.001,-0.001,-0.2505,0.818810514134932,10,1,100,0.3715129104357794,-10,-1,-100,16188.070579334395,-0.0183345391632934,0.002324018922256044,0.9998292072197724,148.3818497657648,9.14656965768113,2013.5193775819776,-200.3933811868154,-63.01177978515625,4678.8642578125,True
1599384645.0649738,0.17435821574739194,10,0.5,0.5,-1.9393022216796876,-0.001,-0.001,-0.2505,0.8232134268468726,10,1,100,-0.014299848497632633,-10,-1,-100,16160.016252735513,-0.01648729124638845,0.009625743799322291,0.9998177405325764,151.03568819704682,9.227923722631987,2050.7543655541476,-200.3829437627066,-55.5113525390625,4676.93212890625,True
1599384645.170689,0.17414097558277988,10,0.5,0.5,-0.8550146514892578,-0.001,-0.001,-0.2505,0.6301430271818822,10,1,100,-0.17815566845446398,-10,-1,-100,16139.978344154079,-0.013309754423948236,0.014501538714337828,0.9998062591382847,150.7337669440118,9.109751906282167,2047.737709410467,-200.37582831604323,-52.3580322265625,4675.55322265625,True
1599384645.2993457,0.1739710028900753,10,0.5,0.5,-0.38773533630371093,-0.001,-0.001,-0.2505,0.6482159114070194,10,1,100,-0.4765352877693353,-10,-1,-100,16115.933702944545,-0.007700185890119427,0.0190881914024544,0.9997881516032489,148.7278252503493,8.831453084998934,2022.3047163428737,-200.36864854116553,-51.074554443359375,4673.900390625,True
1599384645.4330416,0.17387392345885028,10,0.5,0.5,0.27410058288574224,-0.001,-0.001,-0.2505,0.48481495476864,10,1,100,-0.6717106559725388,-10,-1,-100,16091.889800992678,-0.0008193234102147483,0.021757840690876357,0.9997629344387698,145.8532216723575,8.476104429425959,1985.7888749060191,-200.3632691218174,-52.424652099609375,4672.25,True
1599384645.53078,0.17378701320186618,10,0.5,0.5,0.7983467956542969,-0.001,-0.001,-0.2505,0.2725294173709815,10,1,100,-0.7863689484237574,-10,-1,-100,16067.846411009086,0.006481932767127048,0.022234834506127846,0.9997317623653293,142.645327313861,8.093755111849166,1945.512349726725,-200.35975359528905,-55.852752685546875,4670.6005859375,True
1599384645.629516,0.17381806170433564,10,0.5,0.5,0.9976490570068359,-0.001,-0.001,-0.2505,0.007812356038969653,10,1,100,-0.8054689519434869,-10,-1,-100,16043.803326546331,0.013289988672151897,0.020237143566120903,0.9997068741493069,139.23404954535695,7.712745034611544,1903.1841672465785,-200.35780841914232,-60.061859130859375,4668.953125,True
1599384645.730247,0.17378491524753137,10,0.5,0.5,0.6752355194091797,-0.001,-0.001,-0.2505,-0.17081414562032035,10,1,100,-0.6341907875502535,-10,-1,-100,16023.767535837484,0.01791012914208663,0.01677023410578167,0.9996989479449057,136.3851679919992,7.420778498459006,1868.2702009877705,-200.3572070014419,-62.97705078125,4667.5810546875,True
1599384645.8329723,0.17387058294148464,10,0.5,0.5,0.32119699401855467,-0.001,-0.001,-0.2505,-0.34160264583235483,10,1,100,-0.5233975454132553,-10,-1,-100,16003.73175577377,0.021082959123574465,0.012039996916948863,0.9997052302098022,133.85453913018011,7.180897431513391,1837.983416947914,-200.3572921273243,-64.478759765625,4666.208984375,True
1599384645.9297152,0.17390337603599634,10,0.5,0.5,-0.09991542663574218,-0.001,-0.001,-0.2505,-0.46999926662647634,10,1,100,-0.37676661834667247,-10,-1,-100,15983.695952443872,0.022604554100383697,0.006551900418051918,0.9997230150070743,132.0661170169714,7.021722363999102,1818.0176944167547,-200.35766214479517,-64.30581665039062,4664.8369140625,True
1599384646.029661,0.17398919879935135,10,0.5,0.5,-0.39575632934570315,-0.001,-0.001,-0.2505,-0.5521674573640782,10,1,100,-0.21834596255948743,-10,-1,-100,15963.660103613976,0.02251208659664292,0.0008046312739716886,0.9997462470675137,131.2254896098628,6.955810963761524,1811.1176878093443,-200.35801471042893,-62.9608154296875,4663.4638671875,True
1599384646.1303914,0.1740376533274522,10,0.5,0.5,-0.6147589233398437,-0.001,-0.001,-0.2505,-0.7103417946778022,10,1,100,-0.0033989999095637435,-10,-1,-100,15939.617089071195,0.020436828636642965,-0.005856726116545753,0.9997739918573958,131.59242081255076,7.005050386290578,1821.737517311681,-200.3576899215122,-60.750396728515625,4661.81689453125,True
1599384646.23293,0.17407467864556553,10,0.5,0.5,-0.3802190277099609,-0.001,-0.001,-0.2505,-0.4861543493302685,10,1,100,0.05468759642555604,-10,-1,-100,15923.5884674025,0.017988603142793706,-0.00986036290484233,0.9997895695596928,132.59933046995334,7.109943081405913,1839.2558739755923,-200.3568046177039,-59.479248046875,4660.71875,True
1599384646.3300657,0.17401175623222578,10,0.5,0.5,-0.2940946746826172,-0.001,-0.001,-0.2505,-0.6256630265972738,10,1,100,0.36323175307485883,-10,-1,-100,15899.545753870509,0.012929543671967317,-0.014746146231521831,0.9998076705405661,134.95631311036738,7.354507169600092,1877.0177127863517,-200.3541435072842,-58.552764892578125,4659.06982421875,True
1599384646.4299335,0.17396999552651907,10,0.5,0.5,-0.002586141967773438,-0.001,-0.001,-0.2505,-0.464116450020998,10,1,100,0.41788800434653584,-10,-1,-100,15879.510484014638,0.007814769387326184,-0.017688403707233437,0.999813007393739,137.39741525706407,7.6147164783075425,1914.7869293349715,-200.35065379674157,-58.78607177734375,4657.69580078125,True
1599384646.5303848,0.17391364255477437,10,0.5,0.5,0.056645306396484366,-0.001,-0.001,-0.2505,-0.2989305354652261,10,1,100,0.27016376495681255,-10,-1,-100,15867.489511660766,0.004500073038652147,-0.018825632876102324,0.9998126548956365,138.978802868593,7.7872374699789875,1938.8977591299938,-200.3481362583784,-59.251434326171875,4656.87109375,True
1599384646.635073,0.17388138229804817,10,0.5,0.5,0.2804142517089844,-0.001,-0.001,-0.2505,-0.2823528088215981,10,1,100,0.6895663221955147,-10,-1,-100,15843.448058895301,-0.0023242361080138387,-0.019671443271602668,0.99980379687523,142.2745491602128,8.152526972996785,1988.5202802848953,-200.34241414668702,-60.60333251953125,4655.22314453125,True
1599384646.7312133,0.173652368909567,10,0.5,0.5,0.23127929687499998,-0.001,-0.001,-0.2505,-0.12899749630673596,10,1,100,0.6303195736075387,-10,-1,-100,15823.414096394088,-0.007975351958928437,-0.019009942074797212,0.9997874853504839,145.1581786706171,8.46629778425259,2031.2949047739692,-200.3367551828489,-61.7542724609375,4653.849609375,True
1599384646.8300452,0.1734968110458536,10,0.5,0.5,0.18885114135742187,-0.001,-0.001,-0.2505,-0.0061711222320729175,10,1,100,0.6541012042438167,-10,-1,-100,15803.380746215116,-0.013305394391816041,-0.017259446516858425,0.9997625107924432,148.2050072921858,8.780929601359638,2075.880757412505,-200.33029419508924,-62.732421875,4652.4765625,True
1599384646.9307597,0.1733160041644834,10,0.5,0.5,0.08630848083496093,-0.001,-0.001,-0.2505,0.19666182022635523,10,1,100,0.7232149287459275,-10,-1,-100,15779.341633372242,-0.018747931959446334,-0.013797515220533994,0.9997290350995028,151.9097607862179,9.136951934783633,2129.463462463376,-200.32196128577908,-63.299652099609375,4650.83056640625,True
1599384647.0333476,0.17310430750182187,10,0.5,0.5,-0.04437822570800781,-0.001,-0.001,-0.2505,0.17687170139217218,10,1,100,0.49534122682185383,-10,-1,-100,15763.316114733112,-0.02158652110701881,-0.010811715653605641,0.9997085219758417,154.30653156112365,9.347684284451615,2163.8450276139934,-200.31634639796425,-63.34539794921875,4649.734375,True
1599384647.1306775,0.17311100348060401,10,0.5,0.5,-0.110952880859375,-0.001,-0.001,-0.2505,0.3446019228183934,10,1,100,0.4896022052838148,-10,-1,-100,15743.284857355873,-0.024074794129281017,-0.006561971900770967,0.9996886239286743,157.047705594112,9.56454558612765,2202.959154224865,-200.30918506946983,-63.1260986328125,4648.365234375,True
1599384647.23069,0.17286038125450914,10,0.5,0.5,-0.15743079528808593,-0.001,-0.001,-0.2505,0.5264834774738025,10,1,100,0.3998507297621049,-10,-1,-100,15719.248288318864,-0.025480472896807545,-0.0010444586778864304,0.9996747744176729,159.61438138185616,9.730056292026902,2239.48480245104,-200.3007278302211,-62.721923828125,4646.724609375,True
1599384647.3306804,0.17272462005661268,10,0.5,0.5,-0.10235692443847656,-0.001,-0.001,-0.2505,0.38336308532659275,10,1,100,0.26913524973606573,-10,-1,-100,15703.22447339876,-0.02553052279792258,0.0026623535013731,0.9996704978539172,160.88185886503192,9.78146771969809,2257.534664941875,-200.2949147506463,-62.53704833984375,4645.630859375,True
1599384647.432718,0.17246186944929984,10,0.5,0.5,-0.05208590698242188,-0.001,-0.001,-0.2505,0.586551743081227,10,1,100,0.13348369351335682,-10,-1,-100,15679.189637999749,-0.024307863045575355,0.007863526462348535,0.9996735931021353,161.9666811012403,9.762735003339628,2273.1904899980386,-200.28627245049188,-62.55120849609375,4643.99267578125,True
1599384647.5307093,0.17233316451845687,10,0.5,0.5,0.004180010986328128,-0.001,-0.001,-0.2505,0.4065517013243445,10,1,100,0.08508821296852936,-10,-1,-100,15663.166959661525,-0.022727192872640446,0.010932272474382197,0.999681929476909,162.10497590829198,9.68776485267296,2275.5451221605567,-200.28100267642856,-62.78753662109375,4642.9013671875,True
1599384647.6326814,0.17227096301332878,10,0.5,0.5,0.06519656982421876,-0.001,-0.001,-0.2505,0.45314578527405175,10,1,100,-0.04893541210030827,-10,-1,-100,15643.139171820018,-0.02004707133669992,0.014118571516364241,0.9996993452379364,161.7912632535711,9.539814534621334,2271.895602485954,-200.27511771304515,-63.264129638671875,4641.5380859375,True
1599384647.765324,0.1721980498193406,10,0.5,0.5,0.0943373748779297,-0.001,-0.001,-0.2505,0.39828500103119857,10,1,100,-0.13655289721656944,-10,-1,-100,15623.111905489233,-0.0167979629527619,0.016485754411605647,0.9997229858026261,160.96491564547952,9.34076884221396,2261.383024731656,-200.27023030699775,-63.8536376953125,4640.17724609375,True
1599384647.8989685,0.17201696342143066,10,0.5,0.5,0.12527721557617189,-0.001,-0.001,-0.2505,0.35104560196621404,10,1,100,-0.28844803965683713,-10,-1,-100,15599.07977761398,-0.01245534257154869,0.018176020964428517,0.999757218880327,159.49813067505445,9.058550825683495,2242.593561856904,-200.26509353243915,-64.56298828125,4638.544921875,True
1599384648.0685148,0.1719180775896306,10,0.5,0.5,0.14380716552734374,-0.001,-0.001,-0.2505,0.19303642758300327,10,1,100,-0.5881048306749891,-10,-1,-100,15563.032640884398,-0.00578412599011736,0.018243965820346222,0.9998168340239509,156.66860518967673,8.595617322866884,2206.616645884952,-200.25851111941864,-65.34246826171875,4636.09765625,True
1599384648.3048832,0.17188079906748985,10,0.5,0.5,0.007720050048828121,-0.001,-0.001,-0.2505,-0.08835745539695433,10,1,100,-0.49203253852793116,-10,-1,-100,15530.991552248015,-0.0006045533955797041,0.01571847904314372,0.9998762743118582,153.92185467305055,8.20040098651439,2172.362932614261,-200.25470998682658,-65.57693481445312,4633.92431640625,True
1599384648.5771546,0.17195200413788775,10,0.5,0.5,-0.19793904418945313,-0.001,-0.001,-0.2505,-0.6501324598586213,10,1,100,-0.34307547551746775,-10,-1,-100,15486.935807942646,0.0027309193287126435,0.00829141811903834,0.9999618965066597,151.18490343882522,7.8117750918302065,2140.9662280238713,-200.2513893005876,-64.99185180664062,4630.9384765625,True
1599384648.8215,0.17192846352173918,10,0.5,0.5,-0.4137258728027344,-0.001,-0.001,-0.2505,-1.3123613977738402,10,1,100,0.3957326778285248,-10,-1,-100,15434.87082680175,-0.000977639328219694,-0.004494221602122915,0.9999894230408315,151.5971886419551,7.7633272165946785,2155.6236804021314,-200.24731277349187,-63.55035400390625,4627.41015625,True
1599384649.0718303,0.17183271418746385,10,0.5,0.5,-0.16858873901367188,-0.001,-0.001,-0.2505,-1.1339345939920555,10,1,100,1.1776966896836174,-10,-1,-100,15390.817040198483,-0.011480095336448648,-0.014492332438867618,0.9998290752481382,156.14760634713957,8.151160742941764,2226.494128919318,-200.24042502210142,-63.088958740234375,4624.42431640625,True
1599384649.2374234,0.17159382619059432,10,0.5,0.5,0.5515347503662109,-0.001,-0.001,-0.2505,-0.39298675126213267,10,1,100,2.0303193376890736,-10,-1,-100,15342.760749043082,-0.02879167071439864,-0.01683003946023601,0.9994437400220387,165.1541133055805,8.925808542577922,2358.332577639841,-200.22758835940758,-65.49249267578125,4621.16650390625,True
1599384649.4089649,0.1713220626707627,10,0.5,0.5,0.8637720550537109,-0.001,-0.001,-0.2505,0.5470564175044593,10,1,100,1.6080959254910423,-10,-1,-100,15310.725276996498,-0.04068699566739942,-0.010386931976399545,0.9991179510086278,172.011833793777,9.44946665687011,2455.9324563076934,-200.21585019392387,-69.12680053710938,4618.99560546875,True
1599384649.604441,0.17092330855003907,10,0.5,0.5,0.9518147796630859,-0.001,-0.001,-0.2505,1.7233894806059398,10,1,100,1.6179519314437543,-10,-1,-100,15270.683826923836,-0.051574200403520454,0.006183756495693229,0.9986500202815495,181.18127246675633,9.907591109488799,2583.6900061124065,-200.19890846070146,-73.09420776367188,4616.28515625,True
1599384649.7829647,0.17043731672997525,10,0.5,0.5,-0.2591737548828125,-0.001,-0.001,-0.2505,2.2070407122576077,10,1,100,0.9289667018153562,-10,-1,-100,15230.646018144558,-0.0551794961405843,0.02565206158990243,0.9981468804448868,190.9063025370814,9.994642606635194,2717.07974806061,-200.1795278141288,-72.22686767578125,4613.5791015625,True
1599384650.032824,0.1700167967949366,10,0.5,0.5,-1.622291098022461,-0.001,-0.001,-0.2505,1.9111364897641088,10,1,100,0.06574514532045939,-10,-1,-100,15194.615440023015,-0.050574676721427084,0.04065214937362599,0.9978925818071942,196.15051449625383,9.56343949336614,2786.51365417232,-200.16127800857444,-65.939697265625,4611.1494140625,True
1599384650.2402682,0.16956887307992277,10,0.5,0.5,-2.718514419555664,-0.001,-0.001,-0.2505,2.0783079996247484,10,1,100,-1.551379759817122,-10,-1,-100,15146.579139281996,-0.031652687808078984,0.05578790096809941,0.9979407885541595,189.7102105463701,8.116540268977023,2691.247126364892,-200.14272867969612,-55.3182373046875,4607.9189453125,True
1599384650.408334,0.1695215749254868,10,0.5,0.5,-1.0251681640624999,-0.001,-0.001,-0.2505,1.4292882121725672,10,1,100,-2.3198386987679362,-10,-1,-100,15106.551122561214,-0.00744137247655698,0.06361336440883018,0.9979468752615315,175.33892103163566,6.478063681464225,2490.2900790548056,-200.1380661915407,-51.475982666015625,4605.234375,True
1599384650.5406811,0.16968191640830563,10,0.5,0.5,0.3938839752197265,-0.001,-0.001,-0.2505,0.7290629903912794,10,1,100,-1.920109439130234,-10,-1,-100,15078.531518854084,0.010941227118193892,0.06431819744296856,0.9978694599128862,166.045177714499,5.383995609201088,2364.101573141759,-200.1415662033332,-53.296966552734375,4603.359375,True
1599384650.6733258,0.17003507267187953,10,0.5,0.5,1.6060228210449219,-0.001,-0.001,-0.2505,-0.018934788607066877,10,1,100,-2.2284768434850766,-10,-1,-100,15046.508035370847,0.03044855741865736,0.058108041501905815,0.9978458502513982,156.93409187075025,4.277470959395402,2244.2531847277487,-200.15040134056468,-59.93499755859375,4601.2177734375,True
1599384650.7686956,0.17027980896223954,10,0.5,0.5,1.2881538238525392,-0.001,-0.001,-0.2505,-0.21430954666631674,10,1,100,-1.453651733783218,-10,-1,-100,15026.492548270733,0.041110060152019186,0.05062939987939739,0.9978710471910434,151.31318330357396,3.6775271665403304,2171.532880693962,-200.15698356449656,-65.2841796875,4599.87841796875,True
1599384650.9023345,0.17053185827669176,10,0.5,0.5,1.0774438873291017,-0.001,-0.001,-0.2505,-0.49928132553331583,10,1,100,-1.375557025835855,-10,-1,-100,15006.476360149798,0.05004457424147348,0.041180780658036764,0.9978976319710274,145.08940961723366,3.155163627317113,2090.7133610159863,-200.16405092810984,-69.77340698242188,4598.53759765625,True
